{
  "type": "FeatureCollection",
  "features": [
    {
      "type": "Feature",
      "geometry": {
        "type": "Polygon",
        "coordinates": [
          [
            [
              -60.63395,
              -32.969939,
              0
            ],
            [
              -60.636062,
              -32.978389,
              0
            ],
            [
              -60.627898,
              -32.979867,
              0
            ],
            [
              -60.617236,
              -32.981752,
              0
            ],
            [
              -60.617596,
              -32.972454,
              0
            ],
            [
              -60.623467,
              -32.971444,
              0
            ],
            [
              -60.623587,
              -32.971862,
              0
            ],
            [
              -60.631154,
              -32.970458,
              0
            ],
            [
              -60.63395,
              -32.969939,
              0
            ]
          ]
        ]
      },
      "properties": {
        "description": {
          "@type": "html",
          "value": "descripción: <br>id: 1<br>Sector: 1<br>Sub Zona: 3C<br>Zona: 3"
        },
        "styleUrl": "#poly-E65100-1200-76",
        "fill-opacity": 0.2980392156862745,
        "fill": "#e65100",
        "stroke-opacity": 1,
        "stroke": "#e65100",
        "stroke-width": 1.2,
        "descripción": "",
        "id": "1",
        "Sector": "1",
        "Sub Zona": "3C",
        "Zona": "3",
        "name": "Sector 1 (3C)",
        "fillColor": "#e65100",
        "color": "#e65100",
        "fillOpacity": 0.2980392156862745
      }
    },
    {
      "type": "Feature",
      "geometry": {
        "type": "Polygon",
        "coordinates": [
          [
            [
              -60.644611,
              -32.977332,
              0
            ],
            [
              -60.644326,
              -32.977859,
              0
            ],
            [
              -60.644249,
              -32.978103,
              0
            ],
            [
              -60.644485,
              -32.979208,
              0
            ],
            [
              -60.636606,
              -32.98062,
              0
            ],
            [
              -60.636062,
              -32.978389,
              0
            ],
            [
              -60.63395,
              -32.969939,
              0
            ],
            [
              -60.63833,
              -32.969126,
              0
            ],
            [
              -60.638672,
              -32.969063,
              0
            ],
            [
              -60.642545,
              -32.969254,
              0
            ],
            [
              -60.644611,
              -32.977332,
              0
            ]
          ]
        ]
      },
      "properties": {
        "description": {
          "@type": "html",
          "value": "descripción: <br>id: 2<br>Sector: 2<br>Sub Zona: 3C<br>Zona: 3"
        },
        "styleUrl": "#poly-E65100-1200-76",
        "fill-opacity": 0.2980392156862745,
        "fill": "#e65100",
        "stroke-opacity": 1,
        "stroke": "#e65100",
        "stroke-width": 1.2,
        "descripción": "",
        "id": "2",
        "Sector": "2",
        "Sub Zona": "3C",
        "Zona": "3",
        "name": "Sector 2 (3C)",
        "fillColor": "#e65100",
        "color": "#e65100",
        "fillOpacity": 0.2980392156862745
      }
    },
    {
      "type": "Feature",
      "geometry": {
        "type": "Polygon",
        "coordinates": [
          [
            [
              -60.627898,
              -32.979867,
              0
            ],
            [
              -60.628175,
              -32.980866,
              0
            ],
            [
              -60.628604,
              -32.990023,
              0
            ],
            [
              -60.615788,
              -32.989474,
              0
            ],
            [
              -60.616037,
              -32.985964,
              0
            ],
            [
              -60.617165,
              -32.983589,
              0
            ],
            [
              -60.617236,
              -32.981752,
              0
            ],
            [
              -60.627898,
              -32.979867,
              0
            ]
          ]
        ]
      },
      "properties": {
        "description": {
          "@type": "html",
          "value": "descripción: <br>id: 3<br>Sector: 3<br>Sub Zona: 3C<br>Zona: 3"
        },
        "styleUrl": "#poly-E65100-1200-76",
        "fill-opacity": 0.2980392156862745,
        "fill": "#e65100",
        "stroke-opacity": 1,
        "stroke": "#e65100",
        "stroke-width": 1.2,
        "descripción": "",
        "id": "3",
        "Sector": "3",
        "Sub Zona": "3C",
        "Zona": "3",
        "name": "Sector 3 (3C)",
        "fillColor": "#e65100",
        "color": "#e65100",
        "fillOpacity": 0.2980392156862745
      }
    },
    {
      "type": "Feature",
      "geometry": {
        "type": "Polygon",
        "coordinates": [
          [
            [
              -60.636606,
              -32.98062,
              0
            ],
            [
              -60.639075,
              -32.990257,
              0
            ],
            [
              -60.636766,
              -32.990205,
              0
            ],
            [
              -60.628604,
              -32.990023,
              0
            ],
            [
              -60.628175,
              -32.980866,
              0
            ],
            [
              -60.627898,
              -32.979867,
              0
            ],
            [
              -60.636062,
              -32.978389,
              0
            ],
            [
              -60.636606,
              -32.98062,
              0
            ]
          ]
        ]
      },
      "properties": {
        "description": {
          "@type": "html",
          "value": "descripción: <br>id: 4<br>Sector: 4<br>Sub Zona: 3C<br>Zona: 3"
        },
        "styleUrl": "#poly-E65100-1200-76",
        "fill-opacity": 0.2980392156862745,
        "fill": "#e65100",
        "stroke-opacity": 1,
        "stroke": "#e65100",
        "stroke-width": 1.2,
        "descripción": "",
        "id": "4",
        "Sector": "4",
        "Sub Zona": "3C",
        "Zona": "3",
        "name": "Sector 4 (3C)",
        "fillColor": "#e65100",
        "color": "#e65100",
        "fillOpacity": 0.2980392156862745
      }
    },
    {
      "type": "Feature",
      "geometry": {
        "type": "Polygon",
        "coordinates": [
          [
            [
              -60.644485,
              -32.979208,
              0
            ],
            [
              -60.646478,
              -32.98854,
              0
            ],
            [
              -60.646891,
              -32.990475,
              0
            ],
            [
              -60.639075,
              -32.990257,
              0
            ],
            [
              -60.636606,
              -32.98062,
              0
            ],
            [
              -60.644485,
              -32.979208,
              0
            ]
          ]
        ]
      },
      "properties": {
        "description": {
          "@type": "html",
          "value": "descripción: <br>id: 5<br>Sector: 5<br>Sub Zona: 3C<br>Zona: 3"
        },
        "styleUrl": "#poly-E65100-1200-76",
        "fill-opacity": 0.2980392156862745,
        "fill": "#e65100",
        "stroke-opacity": 1,
        "stroke": "#e65100",
        "stroke-width": 1.2,
        "descripción": "",
        "id": "5",
        "Sector": "5",
        "Sub Zona": "3C",
        "Zona": "3",
        "name": "Sector 5 (3C)",
        "fillColor": "#e65100",
        "color": "#e65100",
        "fillOpacity": 0.2980392156862745
      }
    },
    {
      "type": "Feature",
      "geometry": {
        "type": "Polygon",
        "coordinates": [
          [
            [
              -60.636616,
              -32.993455,
              0
            ],
            [
              -60.621023,
              -32.993041,
              0
            ],
            [
              -60.619929,
              -32.993206,
              0
            ],
            [
              -60.618715,
              -32.992969,
              0
            ],
            [
              -60.615574,
              -32.992503,
              0
            ],
            [
              -60.615788,
              -32.989474,
              0
            ],
            [
              -60.628604,
              -32.990023,
              0
            ],
            [
              -60.636766,
              -32.990205,
              0
            ],
            [
              -60.636616,
              -32.993455,
              0
            ]
          ]
        ]
      },
      "properties": {
        "description": {
          "@type": "html",
          "value": "descripción: <br>id: 6<br>Sector: 6<br>Sub Zona: 3C<br>Zona: 3"
        },
        "styleUrl": "#poly-E65100-1200-76",
        "fill-opacity": 0.2980392156862745,
        "fill": "#e65100",
        "stroke-opacity": 1,
        "stroke": "#e65100",
        "stroke-width": 1.2,
        "descripción": "",
        "id": "6",
        "Sector": "6",
        "Sub Zona": "3C",
        "Zona": "3",
        "name": "Sector 6 (3C)",
        "fillColor": "#e65100",
        "color": "#e65100",
        "fillOpacity": 0.2980392156862745
      }
    },
    {
      "type": "Feature",
      "geometry": {
        "type": "Polygon",
        "coordinates": [
          [
            [
              -60.636616,
              -32.993455,
              0
            ],
            [
              -60.636175,
              -32.999322,
              0
            ],
            [
              -60.624947,
              -32.999015,
              0
            ],
            [
              -60.623535,
              -32.998084,
              0
            ],
            [
              -60.621506,
              -32.9977,
              0
            ],
            [
              -60.621634,
              -32.996893,
              0
            ],
            [
              -60.621121,
              -32.996611,
              0
            ],
            [
              -60.62066,
              -32.996855,
              0
            ],
            [
              -60.617468,
              -32.995235,
              0
            ],
            [
              -60.616924,
              -32.996203,
              0
            ],
            [
              -60.615885,
              -32.996453,
              0
            ],
            [
              -60.615441,
              -32.996687,
              0
            ],
            [
              -60.615583,
              -32.997553,
              0
            ],
            [
              -60.613788,
              -32.998896,
              0
            ],
            [
              -60.611946,
              -32.998123,
              0
            ],
            [
              -60.611827,
              -32.997613,
              0
            ],
            [
              -60.612549,
              -32.995891,
              0
            ],
            [
              -60.613004,
              -32.994791,
              0
            ],
            [
              -60.614875,
              -32.993308,
              0
            ],
            [
              -60.615574,
              -32.992503,
              0
            ],
            [
              -60.618715,
              -32.992969,
              0
            ],
            [
              -60.619929,
              -32.993206,
              0
            ],
            [
              -60.621023,
              -32.993041,
              0
            ],
            [
              -60.636616,
              -32.993455,
              0
            ]
          ]
        ]
      },
      "properties": {
        "description": {
          "@type": "html",
          "value": "descripción: <br>id: 8<br>Sector: 8<br>Sub Zona: 3C<br>Zona: 3"
        },
        "styleUrl": "#poly-E65100-1200-76",
        "fill-opacity": 0.2980392156862745,
        "fill": "#e65100",
        "stroke-opacity": 1,
        "stroke": "#e65100",
        "stroke-width": 1.2,
        "descripción": "",
        "id": "8",
        "Sector": "8",
        "Sub Zona": "3C",
        "Zona": "3",
        "name": "Sector 8 (3C)",
        "fillColor": "#e65100",
        "color": "#e65100",
        "fillOpacity": 0.2980392156862745
      }
    },
    {
      "type": "Feature",
      "geometry": {
        "type": "Polygon",
        "coordinates": [
          [
            [
              -60.636175,
              -32.999322,
              0
            ],
            [
              -60.635826,
              -33.002455,
              0
            ],
            [
              -60.620813,
              -33.002012,
              0
            ],
            [
              -60.619824,
              -33.0024,
              0
            ],
            [
              -60.619755,
              -33.002227,
              0
            ],
            [
              -60.6188,
              -33.001541,
              0
            ],
            [
              -60.617356,
              -33.001093,
              0
            ],
            [
              -60.61651,
              -33.000841,
              0
            ],
            [
              -60.615665,
              -33.000364,
              0
            ],
            [
              -60.614538,
              -32.999555,
              0
            ],
            [
              -60.613788,
              -32.998896,
              0
            ],
            [
              -60.615583,
              -32.997553,
              0
            ],
            [
              -60.615441,
              -32.996687,
              0
            ],
            [
              -60.615885,
              -32.996453,
              0
            ],
            [
              -60.616924,
              -32.996203,
              0
            ],
            [
              -60.617468,
              -32.995235,
              0
            ],
            [
              -60.62066,
              -32.996855,
              0
            ],
            [
              -60.621121,
              -32.996611,
              0
            ],
            [
              -60.621634,
              -32.996893,
              0
            ],
            [
              -60.621506,
              -32.9977,
              0
            ],
            [
              -60.623535,
              -32.998084,
              0
            ],
            [
              -60.624947,
              -32.999015,
              0
            ],
            [
              -60.636175,
              -32.999322,
              0
            ]
          ]
        ]
      },
      "properties": {
        "description": {
          "@type": "html",
          "value": "descripción: <br>id: 7<br>Sector: 7<br>Sub Zona: 3F<br>Zona: 3"
        },
        "styleUrl": "#poly-E65100-1200-76",
        "fill-opacity": 0.2980392156862745,
        "fill": "#e65100",
        "stroke-opacity": 1,
        "stroke": "#e65100",
        "stroke-width": 1.2,
        "descripción": "",
        "id": "7",
        "Sector": "7",
        "Sub Zona": "3F",
        "Zona": "3",
        "name": "Sector 7 (3F)",
        "fillColor": "#e65100",
        "color": "#e65100",
        "fillOpacity": 0.2980392156862745
      }
    },
    {
      "type": "Feature",
      "geometry": {
        "type": "Polygon",
        "coordinates": [
          [
            [
              -60.646891,
              -32.990475,
              0
            ],
            [
              -60.646959,
              -32.990793,
              0
            ],
            [
              -60.647644,
              -32.993862,
              0
            ],
            [
              -60.64894,
              -32.99967,
              0
            ],
            [
              -60.642904,
              -32.999505,
              0
            ],
            [
              -60.636175,
              -32.999322,
              0
            ],
            [
              -60.636616,
              -32.993455,
              0
            ],
            [
              -60.636766,
              -32.990205,
              0
            ],
            [
              -60.639075,
              -32.990257,
              0
            ],
            [
              -60.646891,
              -32.990475,
              0
            ]
          ]
        ]
      },
      "properties": {
        "description": {
          "@type": "html",
          "value": "descripción: <br>id: 10<br>Sector: 10<br>Sub Zona: 3C<br>Zona: 3"
        },
        "styleUrl": "#poly-E65100-1200-76",
        "fill-opacity": 0.2980392156862745,
        "fill": "#e65100",
        "stroke-opacity": 1,
        "stroke": "#e65100",
        "stroke-width": 1.2,
        "descripción": "",
        "id": "10",
        "Sector": "10",
        "Sub Zona": "3C",
        "Zona": "3",
        "name": "Sector 10 (3C)",
        "fillColor": "#e65100",
        "color": "#e65100",
        "fillOpacity": 0.2980392156862745
      }
    },
    {
      "type": "Feature",
      "geometry": {
        "type": "Polygon",
        "coordinates": [
          [
            [
              -60.642904,
              -32.999505,
              0
            ],
            [
              -60.64252,
              -33.008598,
              0
            ],
            [
              -60.636006,
              -33.008361,
              0
            ],
            [
              -60.636288,
              -33.00246,
              0
            ],
            [
              -60.635826,
              -33.002455,
              0
            ],
            [
              -60.636175,
              -32.999322,
              0
            ],
            [
              -60.642904,
              -32.999505,
              0
            ]
          ]
        ]
      },
      "properties": {
        "description": {
          "@type": "html",
          "value": "descripción: <br>id: 11<br>Sector: 11<br>Sub Zona: 3F<br>Zona: 3"
        },
        "styleUrl": "#poly-E65100-1200-76",
        "fill-opacity": 0.2980392156862745,
        "fill": "#e65100",
        "stroke-opacity": 1,
        "stroke": "#e65100",
        "stroke-width": 1.2,
        "descripción": "",
        "id": "11",
        "Sector": "11",
        "Sub Zona": "3F",
        "Zona": "3",
        "name": "Sector 11 (3F)",
        "fillColor": "#e65100",
        "color": "#e65100",
        "fillOpacity": 0.2980392156862745
      }
    },
    {
      "type": "Feature",
      "geometry": {
        "type": "Polygon",
        "coordinates": [
          [
            [
              -60.64894,
              -32.99967,
              0
            ],
            [
              -60.650748,
              -33.008477,
              0
            ],
            [
              -60.650807,
              -33.008761,
              0
            ],
            [
              -60.650158,
              -33.00883,
              0
            ],
            [
              -60.64252,
              -33.008598,
              0
            ],
            [
              -60.642904,
              -32.999505,
              0
            ],
            [
              -60.64894,
              -32.99967,
              0
            ]
          ]
        ]
      },
      "properties": {
        "description": {
          "@type": "html",
          "value": "descripción: <br>id: 12<br>Sector: 12<br>Sub Zona: 3F<br>Zona: 3"
        },
        "styleUrl": "#poly-E65100-1200-76",
        "fill-opacity": 0.2980392156862745,
        "fill": "#e65100",
        "stroke-opacity": 1,
        "stroke": "#e65100",
        "stroke-width": 1.2,
        "descripción": "",
        "id": "12",
        "Sector": "12",
        "Sub Zona": "3F",
        "Zona": "3",
        "name": "Sector 12 (3F)",
        "fillColor": "#e65100",
        "color": "#e65100",
        "fillOpacity": 0.2980392156862745
      }
    },
    {
      "type": "Feature",
      "geometry": {
        "type": "Polygon",
        "coordinates": [
          [
            [
              -60.636006,
              -33.008361,
              0
            ],
            [
              -60.635786,
              -33.01208,
              0
            ],
            [
              -60.635726,
              -33.012437,
              0
            ],
            [
              -60.635762,
              -33.013059,
              0
            ],
            [
              -60.635543,
              -33.014047,
              0
            ],
            [
              -60.635359,
              -33.014569,
              0
            ],
            [
              -60.634958,
              -33.01441,
              0
            ],
            [
              -60.634289,
              -33.014199,
              0
            ],
            [
              -60.633458,
              -33.012536,
              0
            ],
            [
              -60.63354,
              -33.011052,
              0
            ],
            [
              -60.631594,
              -33.009086,
              0
            ],
            [
              -60.630223,
              -33.008323,
              0
            ],
            [
              -60.625993,
              -33.004852,
              0
            ],
            [
              -60.625565,
              -33.004708,
              0
            ],
            [
              -60.625131,
              -33.004682,
              0
            ],
            [
              -60.624912,
              -33.004806,
              0
            ],
            [
              -60.623391,
              -33.004449,
              0
            ],
            [
              -60.62184,
              -33.004699,
              0
            ],
            [
              -60.620907,
              -33.004788,
              0
            ],
            [
              -60.620108,
              -33.003108,
              0
            ],
            [
              -60.619824,
              -33.0024,
              0
            ],
            [
              -60.620813,
              -33.002012,
              0
            ],
            [
              -60.635826,
              -33.002455,
              0
            ],
            [
              -60.636288,
              -33.00246,
              0
            ],
            [
              -60.636006,
              -33.008361,
              0
            ]
          ]
        ]
      },
      "properties": {
        "description": {
          "@type": "html",
          "value": "descripción: <br>id: 9<br>Sector: 9<br>Sub Zona: 3F<br>Zona: 3"
        },
        "styleUrl": "#poly-E65100-1200-76",
        "fill-opacity": 0.2980392156862745,
        "fill": "#e65100",
        "stroke-opacity": 1,
        "stroke": "#e65100",
        "stroke-width": 1.2,
        "descripción": "",
        "id": "9",
        "Sector": "9",
        "Sub Zona": "3F",
        "Zona": "3",
        "name": "Sector 9 (3F)",
        "fillColor": "#e65100",
        "color": "#e65100",
        "fillOpacity": 0.2980392156862745
      }
    },
    {
      "type": "Feature",
      "geometry": {
        "type": "Polygon",
        "coordinates": [
          [
            [
              -60.64252,
              -33.008598,
              0
            ],
            [
              -60.642207,
              -33.014177,
              0
            ],
            [
              -60.645637,
              -33.015791,
              0
            ],
            [
              -60.645911,
              -33.0158,
              0
            ],
            [
              -60.645589,
              -33.016292,
              0
            ],
            [
              -60.637301,
              -33.015967,
              0
            ],
            [
              -60.637197,
              -33.015299,
              0
            ],
            [
              -60.635359,
              -33.014569,
              0
            ],
            [
              -60.635543,
              -33.014047,
              0
            ],
            [
              -60.635762,
              -33.013059,
              0
            ],
            [
              -60.635726,
              -33.012437,
              0
            ],
            [
              -60.635786,
              -33.01208,
              0
            ],
            [
              -60.636006,
              -33.008361,
              0
            ],
            [
              -60.64252,
              -33.008598,
              0
            ]
          ]
        ]
      },
      "properties": {
        "description": {
          "@type": "html",
          "value": "descripción: <br>id: 13<br>Sector: 13<br>Sub Zona: 3F<br>Zona: 3"
        },
        "styleUrl": "#poly-E65100-1200-76",
        "fill-opacity": 0.2980392156862745,
        "fill": "#e65100",
        "stroke-opacity": 1,
        "stroke": "#e65100",
        "stroke-width": 1.2,
        "descripción": "",
        "id": "13",
        "Sector": "13",
        "Sub Zona": "3F",
        "Zona": "3",
        "name": "Sector 13 (3F)",
        "fillColor": "#e65100",
        "color": "#e65100",
        "fillOpacity": 0.2980392156862745
      }
    },
    {
      "type": "Feature",
      "geometry": {
        "type": "Polygon",
        "coordinates": [
          [
            [
              -60.650807,
              -33.008761,
              0
            ],
            [
              -60.645911,
              -33.0158,
              0
            ],
            [
              -60.645637,
              -33.015791,
              0
            ],
            [
              -60.642207,
              -33.014177,
              0
            ],
            [
              -60.64252,
              -33.008598,
              0
            ],
            [
              -60.650158,
              -33.00883,
              0
            ],
            [
              -60.650807,
              -33.008761,
              0
            ]
          ]
        ]
      },
      "properties": {
        "description": {
          "@type": "html",
          "value": "descripción: <br>id: 14<br>Sector: 14<br>Sub Zona: 3F<br>Zona: 3"
        },
        "styleUrl": "#poly-E65100-1200-76",
        "fill-opacity": 0.2980392156862745,
        "fill": "#e65100",
        "stroke-opacity": 1,
        "stroke": "#e65100",
        "stroke-width": 1.2,
        "descripción": "",
        "id": "14",
        "Sector": "14",
        "Sub Zona": "3F",
        "Zona": "3",
        "name": "Sector 14 (3F)",
        "fillColor": "#e65100",
        "color": "#e65100",
        "fillOpacity": 0.2980392156862745
      }
    },
    {
      "type": "Feature",
      "geometry": {
        "type": "Polygon",
        "coordinates": [
          [
            [
              -60.650807,
              -33.008761,
              0
            ],
            [
              -60.652373,
              -33.016388,
              0
            ],
            [
              -60.654244,
              -33.025344,
              0
            ],
            [
              -60.649466,
              -33.022658,
              0
            ],
            [
              -60.646136,
              -33.020498,
              0
            ],
            [
              -60.644115,
              -33.018971,
              0
            ],
            [
              -60.643441,
              -33.018581,
              0
            ],
            [
              -60.63945,
              -33.017796,
              0
            ],
            [
              -60.639106,
              -33.01802,
              0
            ],
            [
              -60.63875,
              -33.017951,
              0
            ],
            [
              -60.638159,
              -33.017358,
              0
            ],
            [
              -60.637478,
              -33.017254,
              0
            ],
            [
              -60.637386,
              -33.016518,
              0
            ],
            [
              -60.637301,
              -33.015967,
              0
            ],
            [
              -60.645589,
              -33.016292,
              0
            ],
            [
              -60.645911,
              -33.0158,
              0
            ],
            [
              -60.650807,
              -33.008761,
              0
            ]
          ]
        ]
      },
      "properties": {
        "description": {
          "@type": "html",
          "value": "descripción: <br>id: 15<br>Sector: 15<br>Sub Zona: 3F<br>Zona: 3"
        },
        "styleUrl": "#poly-E65100-1200-76",
        "fill-opacity": 0.2980392156862745,
        "fill": "#e65100",
        "stroke-opacity": 1,
        "stroke": "#e65100",
        "stroke-width": 1.2,
        "descripción": "",
        "id": "15",
        "Sector": "15",
        "Sub Zona": "3F",
        "Zona": "3",
        "name": "Sector 15 (3F)",
        "fillColor": "#e65100",
        "color": "#e65100",
        "fillOpacity": 0.2980392156862745
      }
    },
    {
      "type": "Feature",
      "geometry": {
        "type": "Polygon",
        "coordinates": [
          [
            [
              -60.650655,
              -32.978075,
              0
            ],
            [
              -60.644485,
              -32.979208,
              0
            ],
            [
              -60.644249,
              -32.978103,
              0
            ],
            [
              -60.644326,
              -32.977859,
              0
            ],
            [
              -60.644611,
              -32.977332,
              0
            ],
            [
              -60.642545,
              -32.969254,
              0
            ],
            [
              -60.645605,
              -32.968893,
              0
            ],
            [
              -60.647905,
              -32.968492,
              0
            ],
            [
              -60.648223,
              -32.968437,
              0
            ],
            [
              -60.650655,
              -32.978075,
              0
            ]
          ]
        ]
      },
      "properties": {
        "description": {
          "@type": "html",
          "value": "descripción: <br>id: 16<br>Sector: 16<br>Sub Zona: 3B<br>Zona: 3"
        },
        "styleUrl": "#poly-E65100-1200-76",
        "fill-opacity": 0.2980392156862745,
        "fill": "#e65100",
        "stroke-opacity": 1,
        "stroke": "#e65100",
        "stroke-width": 1.2,
        "descripción": "",
        "id": "16",
        "Sector": "16",
        "Sub Zona": "3B",
        "Zona": "3",
        "name": "Sector 16 (3B)",
        "fillColor": "#e65100",
        "color": "#e65100",
        "fillOpacity": 0.2980392156862745
      }
    },
    {
      "type": "Feature",
      "geometry": {
        "type": "Polygon",
        "coordinates": [
          [
            [
              -60.656194,
              -32.977085,
              0
            ],
            [
              -60.650655,
              -32.978075,
              0
            ],
            [
              -60.648223,
              -32.968437,
              0
            ],
            [
              -60.65214,
              -32.967751,
              0
            ],
            [
              -60.653755,
              -32.967468,
              0
            ],
            [
              -60.656194,
              -32.977085,
              0
            ]
          ]
        ]
      },
      "properties": {
        "description": {
          "@type": "html",
          "value": "descripción: <br>id: 17<br>Sector: 17<br>Sub Zona: 3B<br>Zona: 3"
        },
        "styleUrl": "#poly-E65100-1200-76",
        "fill-opacity": 0.2980392156862745,
        "fill": "#e65100",
        "stroke-opacity": 1,
        "stroke": "#e65100",
        "stroke-width": 1.2,
        "descripción": "",
        "id": "17",
        "Sector": "17",
        "Sub Zona": "3B",
        "Zona": "3",
        "name": "Sector 17 (3B)",
        "fillColor": "#e65100",
        "color": "#e65100",
        "fillOpacity": 0.2980392156862745
      }
    },
    {
      "type": "Feature",
      "geometry": {
        "type": "Polygon",
        "coordinates": [
          [
            [
              -60.659338,
              -32.966491,
              0
            ],
            [
              -60.661722,
              -32.976123,
              0
            ],
            [
              -60.656194,
              -32.977085,
              0
            ],
            [
              -60.653755,
              -32.967468,
              0
            ],
            [
              -60.658842,
              -32.966577,
              0
            ],
            [
              -60.659338,
              -32.966491,
              0
            ]
          ]
        ]
      },
      "properties": {
        "description": {
          "@type": "html",
          "value": "descripción: <br>id: 18<br>Sector: 18<br>Sub Zona: 3B<br>Zona: 3"
        },
        "styleUrl": "#poly-E65100-1200-76",
        "fill-opacity": 0.2980392156862745,
        "fill": "#e65100",
        "stroke-opacity": 1,
        "stroke": "#e65100",
        "stroke-width": 1.2,
        "descripción": "",
        "id": "18",
        "Sector": "18",
        "Sub Zona": "3B",
        "Zona": "3",
        "name": "Sector 18 (3B)",
        "fillColor": "#e65100",
        "color": "#e65100",
        "fillOpacity": 0.2980392156862745
      }
    },
    {
      "type": "Feature",
      "geometry": {
        "type": "Polygon",
        "coordinates": [
          [
            [
              -60.661722,
              -32.976123,
              0
            ],
            [
              -60.659338,
              -32.966491,
              0
            ],
            [
              -60.664553,
              -32.965578,
              0
            ],
            [
              -60.6668,
              -32.965184,
              0
            ],
            [
              -60.667259,
              -32.965104,
              0
            ],
            [
              -60.669596,
              -32.974706,
              0
            ],
            [
              -60.661722,
              -32.976123,
              0
            ]
          ]
        ]
      },
      "properties": {
        "description": {
          "@type": "html",
          "value": "descripción: <br>id: 19<br>Sector: 19<br>Sub Zona: 3B<br>Zona: 3"
        },
        "styleUrl": "#poly-E65100-1200-76",
        "fill-opacity": 0.2980392156862745,
        "fill": "#e65100",
        "stroke-opacity": 1,
        "stroke": "#e65100",
        "stroke-width": 1.2,
        "descripción": "",
        "id": "19",
        "Sector": "19",
        "Sub Zona": "3B",
        "Zona": "3",
        "name": "Sector 19 (3B)",
        "fillColor": "#e65100",
        "color": "#e65100",
        "fillOpacity": 0.2980392156862745
      }
    },
    {
      "type": "Feature",
      "geometry": {
        "type": "Polygon",
        "coordinates": [
          [
            [
              -60.6506443,
              -32.9780661,
              0
            ],
            [
              -60.6530644,
              -32.9873341,
              0
            ],
            [
              -60.6464674,
              -32.9885311,
              0
            ],
            [
              -60.6444743,
              -32.9791991,
              0
            ],
            [
              -60.6506443,
              -32.9780661,
              0
            ]
          ]
        ]
      },
      "properties": {
        "description": {
          "@type": "html",
          "value": "descripción: <br>id: 20<br>Sector: 24<br>Sub Zona: 3B<br>Zona: 3"
        },
        "styleUrl": "#poly-E65100-1200-76",
        "fill-opacity": 0.2980392156862745,
        "fill": "#e65100",
        "stroke-opacity": 1,
        "stroke": "#e65100",
        "stroke-width": 1.2,
        "descripción": "",
        "id": "20",
        "Sector": "24",
        "Sub Zona": "3B",
        "Zona": "3",
        "name": "Sector 24 (3B)",
        "fillColor": "#e65100",
        "color": "#e65100",
        "fillOpacity": 0.2980392156862745
      }
    },
    {
      "type": "Feature",
      "geometry": {
        "type": "Polygon",
        "coordinates": [
          [
            [
              -60.656194,
              -32.977085,
              0
            ],
            [
              -60.658337,
              -32.986388,
              0
            ],
            [
              -60.656853,
              -32.986658,
              0
            ],
            [
              -60.653075,
              -32.987343,
              0
            ],
            [
              -60.650655,
              -32.978075,
              0
            ],
            [
              -60.656194,
              -32.977085,
              0
            ]
          ]
        ]
      },
      "properties": {
        "description": {
          "@type": "html",
          "value": "descripción: <br>id: 21<br>Sector: 25<br>Sub Zona: 3B<br>Zona: 3"
        },
        "styleUrl": "#poly-E65100-1200-76",
        "fill-opacity": 0.2980392156862745,
        "fill": "#e65100",
        "stroke-opacity": 1,
        "stroke": "#e65100",
        "stroke-width": 1.2,
        "descripción": "",
        "id": "21",
        "Sector": "25",
        "Sub Zona": "3B",
        "Zona": "3",
        "name": "Sector 25 (3B)",
        "fillColor": "#e65100",
        "color": "#e65100",
        "fillOpacity": 0.2980392156862745
      }
    },
    {
      "type": "Feature",
      "geometry": {
        "type": "Polygon",
        "coordinates": [
          [
            [
              -60.661722,
              -32.976123,
              0
            ],
            [
              -60.664042,
              -32.985388,
              0
            ],
            [
              -60.658337,
              -32.986388,
              0
            ],
            [
              -60.656194,
              -32.977085,
              0
            ],
            [
              -60.661722,
              -32.976123,
              0
            ]
          ]
        ]
      },
      "properties": {
        "description": {
          "@type": "html",
          "value": "descripción: <br>id: 22<br>Sector: 26<br>Sub Zona: 3B<br>Zona: 3"
        },
        "styleUrl": "#poly-E65100-1200-76",
        "fill-opacity": 0.2980392156862745,
        "fill": "#e65100",
        "stroke-opacity": 1,
        "stroke": "#e65100",
        "stroke-width": 1.2,
        "descripción": "",
        "id": "22",
        "Sector": "26",
        "Sub Zona": "3B",
        "Zona": "3",
        "name": "Sector 26 (3B)",
        "fillColor": "#e65100",
        "color": "#e65100",
        "fillOpacity": 0.2980392156862745
      }
    },
    {
      "type": "Feature",
      "geometry": {
        "type": "Polygon",
        "coordinates": [
          [
            [
              -60.67136,
              -32.981979,
              0
            ],
            [
              -60.672297,
              -32.985868,
              0
            ],
            [
              -60.664135,
              -32.985789,
              0
            ],
            [
              -60.664042,
              -32.985388,
              0
            ],
            [
              -60.661722,
              -32.976123,
              0
            ],
            [
              -60.669596,
              -32.974706,
              0
            ],
            [
              -60.67136,
              -32.981979,
              0
            ]
          ]
        ]
      },
      "properties": {
        "description": {
          "@type": "html",
          "value": "descripción: <br>id: 23<br>Sector: 27<br>Sub Zona: 3B<br>Zona: 3"
        },
        "styleUrl": "#poly-E65100-1200-76",
        "fill-opacity": 0.2980392156862745,
        "fill": "#e65100",
        "stroke-opacity": 1,
        "stroke": "#e65100",
        "stroke-width": 1.2,
        "descripción": "",
        "id": "23",
        "Sector": "27",
        "Sub Zona": "3B",
        "Zona": "3",
        "name": "Sector 27 (3B)",
        "fillColor": "#e65100",
        "color": "#e65100",
        "fillOpacity": 0.2980392156862745
      }
    },
    {
      "type": "Feature",
      "geometry": {
        "type": "Polygon",
        "coordinates": [
          [
            [
              -60.656853,
              -32.986658,
              0
            ],
            [
              -60.658034,
              -32.991183,
              0
            ],
            [
              -60.646959,
              -32.990793,
              0
            ],
            [
              -60.646891,
              -32.990475,
              0
            ],
            [
              -60.646478,
              -32.98854,
              0
            ],
            [
              -60.653075,
              -32.987343,
              0
            ],
            [
              -60.656853,
              -32.986658,
              0
            ]
          ]
        ]
      },
      "properties": {
        "description": {
          "@type": "html",
          "value": "descripción: <br>id: 24<br>Sector: 32<br>Sub Zona: 3B<br>Zona: 3"
        },
        "styleUrl": "#poly-E65100-1200-76",
        "fill-opacity": 0.2980392156862745,
        "fill": "#e65100",
        "stroke-opacity": 1,
        "stroke": "#e65100",
        "stroke-width": 1.2,
        "descripción": "",
        "id": "24",
        "Sector": "32",
        "Sub Zona": "3B",
        "Zona": "3",
        "name": "Sector 32 (3B)",
        "fillColor": "#e65100",
        "color": "#e65100",
        "fillOpacity": 0.2980392156862745
      }
    },
    {
      "type": "Feature",
      "geometry": {
        "type": "Polygon",
        "coordinates": [
          [
            [
              -60.664135,
              -32.985789,
              0
            ],
            [
              -60.665575,
              -32.991448,
              0
            ],
            [
              -60.662206,
              -32.99133,
              0
            ],
            [
              -60.658034,
              -32.991183,
              0
            ],
            [
              -60.656853,
              -32.986658,
              0
            ],
            [
              -60.658337,
              -32.986388,
              0
            ],
            [
              -60.664042,
              -32.985388,
              0
            ],
            [
              -60.664135,
              -32.985789,
              0
            ]
          ]
        ]
      },
      "properties": {
        "description": {
          "@type": "html",
          "value": "descripción: <br>id: 25<br>Sector: 33<br>Sub Zona: 3B<br>Zona: 3"
        },
        "styleUrl": "#poly-E65100-1200-76",
        "fill-opacity": 0.2980392156862745,
        "fill": "#e65100",
        "stroke-opacity": 1,
        "stroke": "#e65100",
        "stroke-width": 1.2,
        "descripción": "",
        "id": "25",
        "Sector": "33",
        "Sub Zona": "3B",
        "Zona": "3",
        "name": "Sector 33 (3B)",
        "fillColor": "#e65100",
        "color": "#e65100",
        "fillOpacity": 0.2980392156862745
      }
    },
    {
      "type": "Feature",
      "geometry": {
        "type": "Polygon",
        "coordinates": [
          [
            [
              -60.672297,
              -32.985868,
              0
            ],
            [
              -60.673713,
              -32.991732,
              0
            ],
            [
              -60.665822,
              -32.991456,
              0
            ],
            [
              -60.665575,
              -32.991448,
              0
            ],
            [
              -60.664135,
              -32.985789,
              0
            ],
            [
              -60.672297,
              -32.985868,
              0
            ]
          ]
        ]
      },
      "properties": {
        "description": {
          "@type": "html",
          "value": "descripción: <br>id: 26<br>Sector: 34<br>Sub Zona: 3B<br>Zona: 3"
        },
        "styleUrl": "#poly-E65100-1200-76",
        "fill-opacity": 0.2980392156862745,
        "fill": "#e65100",
        "stroke-opacity": 1,
        "stroke": "#e65100",
        "stroke-width": 1.2,
        "descripción": "",
        "id": "26",
        "Sector": "34",
        "Sub Zona": "3B",
        "Zona": "3",
        "name": "Sector 34 (3B)",
        "fillColor": "#e65100",
        "color": "#e65100",
        "fillOpacity": 0.2980392156862745
      }
    },
    {
      "type": "Feature",
      "geometry": {
        "type": "Polygon",
        "coordinates": [
          [
            [
              -60.662206,
              -32.99133,
              0
            ],
            [
              -60.660309,
              -32.994263,
              0
            ],
            [
              -60.647644,
              -32.993862,
              0
            ],
            [
              -60.646959,
              -32.990793,
              0
            ],
            [
              -60.658034,
              -32.991183,
              0
            ],
            [
              -60.662206,
              -32.99133,
              0
            ]
          ]
        ]
      },
      "properties": {
        "description": {
          "@type": "html",
          "value": "descripción: <br>id: 27<br>Sector: 35<br>Sub Zona: 3E<br>Zona: 3"
        },
        "styleUrl": "#poly-E65100-1200-76",
        "fill-opacity": 0.2980392156862745,
        "fill": "#e65100",
        "stroke-opacity": 1,
        "stroke": "#e65100",
        "stroke-width": 1.2,
        "descripción": "",
        "id": "27",
        "Sector": "35",
        "Sub Zona": "3E",
        "Zona": "3",
        "name": "Sector 35 (3E)",
        "fillColor": "#e65100",
        "color": "#e65100",
        "fillOpacity": 0.2980392156862745
      }
    },
    {
      "type": "Feature",
      "geometry": {
        "type": "Polygon",
        "coordinates": [
          [
            [
              -60.660309,
              -32.994263,
              0
            ],
            [
              -60.656419,
              -32.99995,
              0
            ],
            [
              -60.64894,
              -32.99967,
              0
            ],
            [
              -60.647644,
              -32.993862,
              0
            ],
            [
              -60.660309,
              -32.994263,
              0
            ]
          ]
        ]
      },
      "properties": {
        "description": {
          "@type": "html",
          "value": "descripción: <br>id: 28<br>Sector: 38<br>Sub Zona: 3E<br>Zona: 3"
        },
        "styleUrl": "#poly-E65100-1200-76",
        "fill-opacity": 0.2980392156862745,
        "fill": "#e65100",
        "stroke-opacity": 1,
        "stroke": "#e65100",
        "stroke-width": 1.2,
        "descripción": "",
        "id": "28",
        "Sector": "38",
        "Sub Zona": "3E",
        "Zona": "3",
        "name": "Sector 38 (3E)",
        "fillColor": "#e65100",
        "color": "#e65100",
        "fillOpacity": 0.2980392156862745
      }
    },
    {
      "type": "Feature",
      "geometry": {
        "type": "Polygon",
        "coordinates": [
          [
            [
              -60.656419,
              -32.99995,
              0
            ],
            [
              -60.656283,
              -33.000145,
              0
            ],
            [
              -60.653067,
              -33.00499,
              0
            ],
            [
              -60.650748,
              -33.008477,
              0
            ],
            [
              -60.64894,
              -32.99967,
              0
            ],
            [
              -60.656419,
              -32.99995,
              0
            ]
          ]
        ]
      },
      "properties": {
        "description": {
          "@type": "html",
          "value": "descripción: <br>id: 29<br>Sector: 39<br>Sub Zona: 3E<br>Zona: 3"
        },
        "styleUrl": "#poly-E65100-1200-76",
        "fill-opacity": 0.2980392156862745,
        "fill": "#e65100",
        "stroke-opacity": 1,
        "stroke": "#e65100",
        "stroke-width": 1.2,
        "descripción": "",
        "id": "29",
        "Sector": "39",
        "Sub Zona": "3E",
        "Zona": "3",
        "name": "Sector 39 (3E)",
        "fillColor": "#e65100",
        "color": "#e65100",
        "fillOpacity": 0.2980392156862745
      }
    },
    {
      "type": "Feature",
      "geometry": {
        "type": "Polygon",
        "coordinates": [
          [
            [
              -60.665497,
              -33.000458,
              0
            ],
            [
              -60.656283,
              -33.000145,
              0
            ],
            [
              -60.656419,
              -32.99995,
              0
            ],
            [
              -60.660309,
              -32.994263,
              0
            ],
            [
              -60.662206,
              -32.99133,
              0
            ],
            [
              -60.665575,
              -32.991448,
              0
            ],
            [
              -60.665822,
              -32.991456,
              0
            ],
            [
              -60.665616,
              -32.997462,
              0
            ],
            [
              -60.665497,
              -33.000458,
              0
            ]
          ]
        ]
      },
      "properties": {
        "description": {
          "@type": "html",
          "value": "descripción: <br>id: 30<br>Sector: 36<br>Sub Zona: 3E<br>Zona: 3"
        },
        "styleUrl": "#poly-E65100-1200-76",
        "fill-opacity": 0.2980392156862745,
        "fill": "#e65100",
        "stroke-opacity": 1,
        "stroke": "#e65100",
        "stroke-width": 1.2,
        "descripción": "",
        "id": "30",
        "Sector": "36",
        "Sub Zona": "3E",
        "Zona": "3",
        "name": "Sector 36 (3E)",
        "fillColor": "#e65100",
        "color": "#e65100",
        "fillOpacity": 0.2980392156862745
      }
    },
    {
      "type": "Feature",
      "geometry": {
        "type": "Polygon",
        "coordinates": [
          [
            [
              -60.665497,
              -33.000458,
              0
            ],
            [
              -60.66539,
              -33.003661,
              0
            ],
            [
              -60.665312,
              -33.005365,
              0
            ],
            [
              -60.653067,
              -33.00499,
              0
            ],
            [
              -60.656283,
              -33.000145,
              0
            ],
            [
              -60.665497,
              -33.000458,
              0
            ]
          ]
        ]
      },
      "properties": {
        "description": {
          "@type": "html",
          "value": "descripción: <br>id: 31<br>Sector: 40<br>Sub Zona: 3E<br>Zona: 3"
        },
        "styleUrl": "#poly-E65100-1200-76",
        "fill-opacity": 0.2980392156862745,
        "fill": "#e65100",
        "stroke-opacity": 1,
        "stroke": "#e65100",
        "stroke-width": 1.2,
        "descripción": "",
        "id": "31",
        "Sector": "40",
        "Sub Zona": "3E",
        "Zona": "3",
        "name": "Sector 40 (3E)",
        "fillColor": "#e65100",
        "color": "#e65100",
        "fillOpacity": 0.2980392156862745
      }
    },
    {
      "type": "Feature",
      "geometry": {
        "type": "Polygon",
        "coordinates": [
          [
            [
              -60.665312,
              -33.005365,
              0
            ],
            [
              -60.665124,
              -33.009232,
              0
            ],
            [
              -60.650807,
              -33.008761,
              0
            ],
            [
              -60.650748,
              -33.008477,
              0
            ],
            [
              -60.653067,
              -33.00499,
              0
            ],
            [
              -60.665312,
              -33.005365,
              0
            ]
          ]
        ]
      },
      "properties": {
        "description": {
          "@type": "html",
          "value": "descripción: <br>id: 32<br>Sector: 42<br>Sub Zona: 3E<br>Zona: 3"
        },
        "styleUrl": "#poly-E65100-1200-76",
        "fill-opacity": 0.2980392156862745,
        "fill": "#e65100",
        "stroke-opacity": 1,
        "stroke": "#e65100",
        "stroke-width": 1.2,
        "descripción": "",
        "id": "32",
        "Sector": "42",
        "Sub Zona": "3E",
        "Zona": "3",
        "name": "Sector 42 (3E)",
        "fillColor": "#e65100",
        "color": "#e65100",
        "fillOpacity": 0.2980392156862745
      }
    },
    {
      "type": "Feature",
      "geometry": {
        "type": "Polygon",
        "coordinates": [
          [
            [
              -60.665124,
              -33.009232,
              0
            ],
            [
              -60.66497,
              -33.014472,
              0
            ],
            [
              -60.663711,
              -33.014845,
              0
            ],
            [
              -60.661547,
              -33.015325,
              0
            ],
            [
              -60.659511,
              -33.015587,
              0
            ],
            [
              -60.659489,
              -33.01559,
              0
            ],
            [
              -60.656367,
              -33.016041,
              0
            ],
            [
              -60.653643,
              -33.016326,
              0
            ],
            [
              -60.652373,
              -33.016388,
              0
            ],
            [
              -60.650807,
              -33.008761,
              0
            ],
            [
              -60.665124,
              -33.009232,
              0
            ]
          ]
        ]
      },
      "properties": {
        "description": {
          "@type": "html",
          "value": "descripción: <br>id: 33<br>Sector: 44<br>Sub Zona: 3E<br>Zona: 3"
        },
        "styleUrl": "#poly-E65100-1200-76",
        "fill-opacity": 0.2980392156862745,
        "fill": "#e65100",
        "stroke-opacity": 1,
        "stroke": "#e65100",
        "stroke-width": 1.2,
        "descripción": "",
        "id": "33",
        "Sector": "44",
        "Sub Zona": "3E",
        "Zona": "3",
        "name": "Sector 44 (3E)",
        "fillColor": "#e65100",
        "color": "#e65100",
        "fillOpacity": 0.2980392156862745
      }
    },
    {
      "type": "Feature",
      "geometry": {
        "type": "Polygon",
        "coordinates": [
          [
            [
              -60.66497,
              -33.014472,
              0
            ],
            [
              -60.664825,
              -33.017263,
              0
            ],
            [
              -60.664327,
              -33.02627,
              0
            ],
            [
              -60.663938,
              -33.026295,
              0
            ],
            [
              -60.662066,
              -33.026133,
              0
            ],
            [
              -60.661682,
              -33.026435,
              0
            ],
            [
              -60.65977,
              -33.025881,
              0
            ],
            [
              -60.658477,
              -33.025665,
              0
            ],
            [
              -60.657513,
              -33.025824,
              0
            ],
            [
              -60.656551,
              -33.02618,
              0
            ],
            [
              -60.655544,
              -33.026056,
              0
            ],
            [
              -60.654244,
              -33.025344,
              0
            ],
            [
              -60.652373,
              -33.016388,
              0
            ],
            [
              -60.653643,
              -33.016326,
              0
            ],
            [
              -60.656367,
              -33.016041,
              0
            ],
            [
              -60.659489,
              -33.01559,
              0
            ],
            [
              -60.659511,
              -33.015587,
              0
            ],
            [
              -60.661547,
              -33.015325,
              0
            ],
            [
              -60.663711,
              -33.014845,
              0
            ],
            [
              -60.66497,
              -33.014472,
              0
            ]
          ]
        ]
      },
      "properties": {
        "description": {
          "@type": "html",
          "value": "descripción: <br>id: 33<br>Sector: 46<br>Sub Zona: 3D<br>Zona: 3"
        },
        "styleUrl": "#poly-E65100-1200-76",
        "fill-opacity": 0.2980392156862745,
        "fill": "#e65100",
        "stroke-opacity": 1,
        "stroke": "#e65100",
        "stroke-width": 1.2,
        "descripción": "",
        "id": "33",
        "Sector": "46",
        "Sub Zona": "3D",
        "Zona": "3",
        "name": "Sector 46 (3D)",
        "fillColor": "#e65100",
        "color": "#e65100",
        "fillOpacity": 0.2980392156862745
      }
    },
    {
      "type": "Feature",
      "geometry": {
        "type": "Polygon",
        "coordinates": [
          [
            [
              -60.673713,
              -32.991732,
              0
            ],
            [
              -60.675031,
              -32.997738,
              0
            ],
            [
              -60.665616,
              -32.997462,
              0
            ],
            [
              -60.665822,
              -32.991456,
              0
            ],
            [
              -60.673713,
              -32.991732,
              0
            ]
          ]
        ]
      },
      "properties": {
        "description": {
          "@type": "html",
          "value": "descripción: <br>id: 34<br>Sector: 37<br>Sub Zona: 3E<br>Zona: 3"
        },
        "styleUrl": "#poly-E65100-1200-76",
        "fill-opacity": 0.2980392156862745,
        "fill": "#e65100",
        "stroke-opacity": 1,
        "stroke": "#e65100",
        "stroke-width": 1.2,
        "descripción": "",
        "id": "34",
        "Sector": "37",
        "Sub Zona": "3E",
        "Zona": "3",
        "name": "Sector 37 (3E)",
        "fillColor": "#e65100",
        "color": "#e65100",
        "fillOpacity": 0.2980392156862745
      }
    },
    {
      "type": "Feature",
      "geometry": {
        "type": "Polygon",
        "coordinates": [
          [
            [
              -60.675031,
              -32.997738,
              0
            ],
            [
              -60.675693,
              -33.00075,
              0
            ],
            [
              -60.676406,
              -33.003998,
              0
            ],
            [
              -60.66539,
              -33.003661,
              0
            ],
            [
              -60.665497,
              -33.000458,
              0
            ],
            [
              -60.665616,
              -32.997462,
              0
            ],
            [
              -60.675031,
              -32.997738,
              0
            ]
          ]
        ]
      },
      "properties": {
        "description": {
          "@type": "html",
          "value": "descripción: <br>id: 35<br>Sector: 41<br>Sub Zona: 3E<br>Zona: 3"
        },
        "styleUrl": "#poly-E65100-1200-76",
        "fill-opacity": 0.2980392156862745,
        "fill": "#e65100",
        "stroke-opacity": 1,
        "stroke": "#e65100",
        "stroke-width": 1.2,
        "descripción": "",
        "id": "35",
        "Sector": "41",
        "Sub Zona": "3E",
        "Zona": "3",
        "name": "Sector 41 (3E)",
        "fillColor": "#e65100",
        "color": "#e65100",
        "fillOpacity": 0.2980392156862745
      }
    },
    {
      "type": "Feature",
      "geometry": {
        "type": "Polygon",
        "coordinates": [
          [
            [
              -60.676406,
              -33.003998,
              0
            ],
            [
              -60.67724,
              -33.007795,
              0
            ],
            [
              -60.674012,
              -33.009717,
              0
            ],
            [
              -60.668259,
              -33.013051,
              0
            ],
            [
              -60.666985,
              -33.013717,
              0
            ],
            [
              -60.6655,
              -33.014315,
              0
            ],
            [
              -60.66497,
              -33.014472,
              0
            ],
            [
              -60.665124,
              -33.009232,
              0
            ],
            [
              -60.665312,
              -33.005365,
              0
            ],
            [
              -60.66539,
              -33.003661,
              0
            ],
            [
              -60.676406,
              -33.003998,
              0
            ]
          ]
        ]
      },
      "properties": {
        "description": {
          "@type": "html",
          "value": "descripción: <br>id: 36<br>Sector: 43<br>Sub Zona: 3E<br>Zona: 3"
        },
        "styleUrl": "#poly-E65100-1200-76",
        "fill-opacity": 0.2980392156862745,
        "fill": "#e65100",
        "stroke-opacity": 1,
        "stroke": "#e65100",
        "stroke-width": 1.2,
        "descripción": "",
        "id": "36",
        "Sector": "43",
        "Sub Zona": "3E",
        "Zona": "3",
        "name": "Sector 43 (3E)",
        "fillColor": "#e65100",
        "color": "#e65100",
        "fillOpacity": 0.2980392156862745
      }
    },
    {
      "type": "Feature",
      "geometry": {
        "type": "Polygon",
        "coordinates": [
          [
            [
              -60.671085,
              -32.964434,
              0
            ],
            [
              -60.673521,
              -32.97401,
              0
            ],
            [
              -60.669596,
              -32.974706,
              0
            ],
            [
              -60.667259,
              -32.965104,
              0
            ],
            [
              -60.671085,
              -32.964434,
              0
            ]
          ]
        ]
      },
      "properties": {
        "description": {
          "@type": "html",
          "value": "descripción: <br>id: 37<br>Sector: 20<br>Sub Zona: 3A<br>Zona: 3"
        },
        "styleUrl": "#poly-E65100-1200-76",
        "fill-opacity": 0.2980392156862745,
        "fill": "#e65100",
        "stroke-opacity": 1,
        "stroke": "#e65100",
        "stroke-width": 1.2,
        "descripción": "",
        "id": "37",
        "Sector": "20",
        "Sub Zona": "3A",
        "Zona": "3",
        "name": "Sector 20 (3A)",
        "fillColor": "#e65100",
        "color": "#e65100",
        "fillOpacity": 0.2980392156862745
      }
    },
    {
      "type": "Feature",
      "geometry": {
        "type": "Polygon",
        "coordinates": [
          [
            [
              -60.679284,
              -32.972969,
              0
            ],
            [
              -60.676301,
              -32.9735,
              0
            ],
            [
              -60.673521,
              -32.97401,
              0
            ],
            [
              -60.671085,
              -32.964434,
              0
            ],
            [
              -60.671447,
              -32.964371,
              0
            ],
            [
              -60.672607,
              -32.964176,
              0
            ],
            [
              -60.673595,
              -32.963987,
              0
            ],
            [
              -60.676887,
              -32.9634,
              0
            ],
            [
              -60.679284,
              -32.972969,
              0
            ]
          ]
        ]
      },
      "properties": {
        "description": {
          "@type": "html",
          "value": "descripción: <br>id: 38<br>Sector: 21<br>Sub Zona: 3A<br>Zona: 3"
        },
        "styleUrl": "#poly-E65100-1200-76",
        "fill-opacity": 0.2980392156862745,
        "fill": "#e65100",
        "stroke-opacity": 1,
        "stroke": "#e65100",
        "stroke-width": 1.2,
        "descripción": "",
        "id": "38",
        "Sector": "21",
        "Sub Zona": "3A",
        "Zona": "3",
        "name": "Sector 21 (3A)",
        "fillColor": "#e65100",
        "color": "#e65100",
        "fillOpacity": 0.2980392156862745
      }
    },
    {
      "type": "Feature",
      "geometry": {
        "type": "Polygon",
        "coordinates": [
          [
            [
              -60.679284,
              -32.972969,
              0
            ],
            [
              -60.676887,
              -32.9634,
              0
            ],
            [
              -60.680001,
              -32.962844,
              0
            ],
            [
              -60.680864,
              -32.962691,
              0
            ],
            [
              -60.682055,
              -32.962474,
              0
            ],
            [
              -60.684499,
              -32.972056,
              0
            ],
            [
              -60.679284,
              -32.972969,
              0
            ]
          ]
        ]
      },
      "properties": {
        "description": {
          "@type": "html",
          "value": "descripción: <br>id: 39<br>Sector: 22<br>Sub Zona: 3A<br>Zona: 3"
        },
        "styleUrl": "#poly-E65100-1200-76",
        "fill-opacity": 0.2980392156862745,
        "fill": "#e65100",
        "stroke-opacity": 1,
        "stroke": "#e65100",
        "stroke-width": 1.2,
        "descripción": "",
        "id": "39",
        "Sector": "22",
        "Sub Zona": "3A",
        "Zona": "3",
        "name": "Sector 22 (3A)",
        "fillColor": "#e65100",
        "color": "#e65100",
        "fillOpacity": 0.2980392156862745
      }
    },
    {
      "type": "Feature",
      "geometry": {
        "type": "Polygon",
        "coordinates": [
          [
            [
              -60.684499,
              -32.972056,
              0
            ],
            [
              -60.682055,
              -32.962474,
              0
            ],
            [
              -60.685536,
              -32.961843,
              0
            ],
            [
              -60.686406,
              -32.961687,
              0
            ],
            [
              -60.686803,
              -32.961605,
              0
            ],
            [
              -60.687159,
              -32.961523,
              0
            ],
            [
              -60.687353,
              -32.961463,
              0
            ],
            [
              -60.687573,
              -32.961386,
              0
            ],
            [
              -60.687781,
              -32.961317,
              0
            ],
            [
              -60.687967,
              -32.961246,
              0
            ],
            [
              -60.68821,
              -32.961148,
              0
            ],
            [
              -60.688519,
              -32.961006,
              0
            ],
            [
              -60.688814,
              -32.960856,
              0
            ],
            [
              -60.689066,
              -32.960715,
              0
            ],
            [
              -60.689116,
              -32.9607,
              0
            ],
            [
              -60.68947,
              -32.960465,
              0
            ],
            [
              -60.68982,
              -32.960216,
              0
            ],
            [
              -60.68997,
              -32.960101,
              0
            ],
            [
              -60.690068,
              -32.960025,
              0
            ],
            [
              -60.69032,
              -32.959805,
              0
            ],
            [
              -60.690574,
              -32.95956,
              0
            ],
            [
              -60.690817,
              -32.959303,
              0
            ],
            [
              -60.691044,
              -32.95904,
              0
            ],
            [
              -60.691206,
              -32.958809,
              0
            ],
            [
              -60.691315,
              -32.958654,
              0
            ],
            [
              -60.69222,
              -32.958728,
              0
            ],
            [
              -60.692218,
              -32.958818,
              0
            ],
            [
              -60.692208,
              -32.959168,
              0
            ],
            [
              -60.692191,
              -32.959405,
              0
            ],
            [
              -60.692155,
              -32.959654,
              0
            ],
            [
              -60.692135,
              -32.959798,
              0
            ],
            [
              -60.692075,
              -32.960175,
              0
            ],
            [
              -60.691948,
              -32.963492,
              0
            ],
            [
              -60.691929,
              -32.963977,
              0
            ],
            [
              -60.691969,
              -32.967168,
              0
            ],
            [
              -60.69188,
              -32.968413,
              0
            ],
            [
              -60.690856,
              -32.971006,
              0
            ],
            [
              -60.684499,
              -32.972056,
              0
            ]
          ]
        ]
      },
      "properties": {
        "description": {
          "@type": "html",
          "value": "descripción: <br>id: 40<br>Sector: 23<br>Sub Zona: 3A<br>Zona: 3"
        },
        "styleUrl": "#poly-E65100-1200-76",
        "fill-opacity": 0.2980392156862745,
        "fill": "#e65100",
        "stroke-opacity": 1,
        "stroke": "#e65100",
        "stroke-width": 1.2,
        "descripción": "",
        "id": "40",
        "Sector": "23",
        "Sub Zona": "3A",
        "Zona": "3",
        "name": "Sector 23 (3A)",
        "fillColor": "#e65100",
        "color": "#e65100",
        "fillOpacity": 0.2980392156862745
      }
    },
    {
      "type": "Feature",
      "geometry": {
        "type": "Polygon",
        "coordinates": [
          [
            [
              -60.689038,
              -32.976126,
              0
            ],
            [
              -60.677455,
              -32.978185,
              0
            ],
            [
              -60.676301,
              -32.9735,
              0
            ],
            [
              -60.679284,
              -32.972969,
              0
            ],
            [
              -60.684499,
              -32.972056,
              0
            ],
            [
              -60.690856,
              -32.971006,
              0
            ],
            [
              -60.690849,
              -32.971024,
              0
            ],
            [
              -60.689461,
              -32.974376,
              0
            ],
            [
              -60.68916,
              -32.975369,
              0
            ],
            [
              -60.689094,
              -32.975745,
              0
            ],
            [
              -60.689038,
              -32.976126,
              0
            ]
          ]
        ]
      },
      "properties": {
        "description": {
          "@type": "html",
          "value": "descripción: <br>id: 41<br>Sector: 29<br>Sub Zona: 3A<br>Zona: 3"
        },
        "styleUrl": "#poly-E65100-1200-76",
        "fill-opacity": 0.2980392156862745,
        "fill": "#e65100",
        "stroke-opacity": 1,
        "stroke": "#e65100",
        "stroke-width": 1.2,
        "descripción": "",
        "id": "41",
        "Sector": "29",
        "Sub Zona": "3A",
        "Zona": "3",
        "name": "Sector 29 (3A)",
        "fillColor": "#e65100",
        "color": "#e65100",
        "fillOpacity": 0.2980392156862745
      }
    },
    {
      "type": "Feature",
      "geometry": {
        "type": "Polygon",
        "coordinates": [
          [
            [
              -60.677455,
              -32.978185,
              0
            ],
            [
              -60.678338,
              -32.982103,
              0
            ],
            [
              -60.67136,
              -32.981979,
              0
            ],
            [
              -60.669596,
              -32.974706,
              0
            ],
            [
              -60.673521,
              -32.97401,
              0
            ],
            [
              -60.676301,
              -32.9735,
              0
            ],
            [
              -60.677455,
              -32.978185,
              0
            ]
          ]
        ]
      },
      "properties": {
        "description": {
          "@type": "html",
          "value": "descripción: <br>id: 42<br>Sector: 28<br>Sub Zona: 3A<br>Zona: 3"
        },
        "styleUrl": "#poly-E65100-1200-76",
        "fill-opacity": 0.2980392156862745,
        "fill": "#e65100",
        "stroke-opacity": 1,
        "stroke": "#e65100",
        "stroke-width": 1.2,
        "descripción": "",
        "id": "42",
        "Sector": "28",
        "Sub Zona": "3A",
        "Zona": "3",
        "name": "Sector 28 (3A)",
        "fillColor": "#e65100",
        "color": "#e65100",
        "fillOpacity": 0.2980392156862745
      }
    },
    {
      "type": "Feature",
      "geometry": {
        "type": "Polygon",
        "coordinates": [
          [
            [
              -60.689038,
              -32.976126,
              0
            ],
            [
              -60.688996,
              -32.97641,
              0
            ],
            [
              -60.689047,
              -32.97846,
              0
            ],
            [
              -60.689077,
              -32.982294,
              0
            ],
            [
              -60.678338,
              -32.982103,
              0
            ],
            [
              -60.677455,
              -32.978185,
              0
            ],
            [
              -60.689038,
              -32.976126,
              0
            ]
          ]
        ]
      },
      "properties": {
        "description": {
          "@type": "html",
          "value": "descripción: <br>id: 43<br>Sector: 30<br>Sub Zona: 3A<br>Zona: 3"
        },
        "styleUrl": "#poly-E65100-1200-76",
        "fill-opacity": 0.2980392156862745,
        "fill": "#e65100",
        "stroke-opacity": 1,
        "stroke": "#e65100",
        "stroke-width": 1.2,
        "descripción": "",
        "id": "43",
        "Sector": "30",
        "Sub Zona": "3A",
        "Zona": "3",
        "name": "Sector 30 (3A)",
        "fillColor": "#e65100",
        "color": "#e65100",
        "fillOpacity": 0.2980392156862745
      }
    },
    {
      "type": "Feature",
      "geometry": {
        "type": "Polygon",
        "coordinates": [
          [
            [
              -60.689095,
              -32.986574,
              0
            ],
            [
              -60.672297,
              -32.985868,
              0
            ],
            [
              -60.67136,
              -32.981979,
              0
            ],
            [
              -60.678338,
              -32.982103,
              0
            ],
            [
              -60.689077,
              -32.982294,
              0
            ],
            [
              -60.689079,
              -32.982605,
              0
            ],
            [
              -60.689095,
              -32.986574,
              0
            ]
          ]
        ]
      },
      "properties": {
        "description": {
          "@type": "html",
          "value": "descripción: <br>id: 44<br>Sector: 31<br>Sub Zona: 3D<br>Zona: 3"
        },
        "styleUrl": "#poly-E65100-1200-76",
        "fill-opacity": 0.2980392156862745,
        "fill": "#e65100",
        "stroke-opacity": 1,
        "stroke": "#e65100",
        "stroke-width": 1.2,
        "descripción": "",
        "id": "44",
        "Sector": "31",
        "Sub Zona": "3D",
        "Zona": "3",
        "name": "Sector 31 (3D)",
        "fillColor": "#e65100",
        "color": "#e65100",
        "fillOpacity": 0.2980392156862745
      }
    },
    {
      "type": "Feature",
      "geometry": {
        "type": "Polygon",
        "coordinates": [
          [
            [
              -60.673713,
              -32.991732,
              0
            ],
            [
              -60.672297,
              -32.985868,
              0
            ],
            [
              -60.689095,
              -32.986574,
              0
            ],
            [
              -60.689144,
              -32.992155,
              0
            ],
            [
              -60.673713,
              -32.991732,
              0
            ]
          ]
        ]
      },
      "properties": {
        "description": {
          "@type": "html",
          "value": "descripción: <br>id: 45<br>Sector: 48<br>Sub Zona: 3D<br>Zona: 3"
        },
        "styleUrl": "#poly-E65100-1200-76",
        "fill-opacity": 0.2980392156862745,
        "fill": "#e65100",
        "stroke-opacity": 1,
        "stroke": "#e65100",
        "stroke-width": 1.2,
        "descripción": "",
        "id": "45",
        "Sector": "48",
        "Sub Zona": "3D",
        "Zona": "3",
        "name": "Sector 48 (3D)",
        "fillColor": "#e65100",
        "color": "#e65100",
        "fillOpacity": 0.2980392156862745
      }
    },
    {
      "type": "Feature",
      "geometry": {
        "type": "Polygon",
        "coordinates": [
          [
            [
              -60.689144,
              -32.992155,
              0
            ],
            [
              -60.689216,
              -33.000077,
              0
            ],
            [
              -60.68941,
              -33.000503,
              0
            ],
            [
              -60.689418,
              -33.000781,
              0
            ],
            [
              -60.689426,
              -33.00105,
              0
            ],
            [
              -60.675693,
              -33.00075,
              0
            ],
            [
              -60.675031,
              -32.997738,
              0
            ],
            [
              -60.673713,
              -32.991732,
              0
            ],
            [
              -60.689144,
              -32.992155,
              0
            ]
          ]
        ]
      },
      "properties": {
        "description": {
          "@type": "html",
          "value": "descripción: <br>id: 46<br>Sector: 49<br>Sub Zona: 3D<br>Zona: 3"
        },
        "styleUrl": "#poly-E65100-1200-76",
        "fill-opacity": 0.2980392156862745,
        "fill": "#e65100",
        "stroke-opacity": 1,
        "stroke": "#e65100",
        "stroke-width": 1.2,
        "descripción": "",
        "id": "46",
        "Sector": "49",
        "Sub Zona": "3D",
        "Zona": "3",
        "name": "Sector 49 (3D)",
        "fillColor": "#e65100",
        "color": "#e65100",
        "fillOpacity": 0.2980392156862745
      }
    },
    {
      "type": "Feature",
      "geometry": {
        "type": "Polygon",
        "coordinates": [
          [
            [
              -60.689426,
              -33.00105,
              0
            ],
            [
              -60.68968,
              -33.010095,
              0
            ],
            [
              -60.677578,
              -33.009835,
              0
            ],
            [
              -60.67724,
              -33.007795,
              0
            ],
            [
              -60.676406,
              -33.003998,
              0
            ],
            [
              -60.675693,
              -33.00075,
              0
            ],
            [
              -60.689426,
              -33.00105,
              0
            ]
          ]
        ]
      },
      "properties": {
        "description": {
          "@type": "html",
          "value": "descripción: <br>id: 47<br>Sector: 50<br>Sub Zona: 3D<br>Zona: 3"
        },
        "styleUrl": "#poly-E65100-1200-76",
        "fill-opacity": 0.2980392156862745,
        "fill": "#e65100",
        "stroke-opacity": 1,
        "stroke": "#e65100",
        "stroke-width": 1.2,
        "descripción": "",
        "id": "47",
        "Sector": "50",
        "Sub Zona": "3D",
        "Zona": "3",
        "name": "Sector 50 (3D)",
        "fillColor": "#e65100",
        "color": "#e65100",
        "fillOpacity": 0.2980392156862745
      }
    },
    {
      "type": "Feature",
      "geometry": {
        "type": "Polygon",
        "coordinates": [
          [
            [
              -60.677578,
              -33.009835,
              0
            ],
            [
              -60.679307,
              -33.017788,
              0
            ],
            [
              -60.678816,
              -33.017721,
              0
            ],
            [
              -60.664825,
              -33.017263,
              0
            ],
            [
              -60.66497,
              -33.014472,
              0
            ],
            [
              -60.6655,
              -33.014315,
              0
            ],
            [
              -60.666985,
              -33.013717,
              0
            ],
            [
              -60.668259,
              -33.013051,
              0
            ],
            [
              -60.674012,
              -33.009717,
              0
            ],
            [
              -60.67724,
              -33.007795,
              0
            ],
            [
              -60.677578,
              -33.009835,
              0
            ]
          ]
        ]
      },
      "properties": {
        "description": {
          "@type": "html",
          "value": "descripción: <br>id: 48<br>Sector: 45<br>Sub Zona: 3D<br>Zona: 3"
        },
        "styleUrl": "#poly-E65100-1200-76",
        "fill-opacity": 0.2980392156862745,
        "fill": "#e65100",
        "stroke-opacity": 1,
        "stroke": "#e65100",
        "stroke-width": 1.2,
        "descripción": "",
        "id": "48",
        "Sector": "45",
        "Sub Zona": "3D",
        "Zona": "3",
        "name": "Sector 45 (3D)",
        "fillColor": "#e65100",
        "color": "#e65100",
        "fillOpacity": 0.2980392156862745
      }
    },
    {
      "type": "Feature",
      "geometry": {
        "type": "Polygon",
        "coordinates": [
          [
            [
              -60.679307,
              -33.017788,
              0
            ],
            [
              -60.680124,
              -33.021017,
              0
            ],
            [
              -60.682363,
              -33.029551,
              0
            ],
            [
              -60.681893,
              -33.029514,
              0
            ],
            [
              -60.680857,
              -33.02918,
              0
            ],
            [
              -60.67958,
              -33.028433,
              0
            ],
            [
              -60.678433,
              -33.028722,
              0
            ],
            [
              -60.678207,
              -33.028363,
              0
            ],
            [
              -60.678296,
              -33.028012,
              0
            ],
            [
              -60.678488,
              -33.027822,
              0
            ],
            [
              -60.678333,
              -33.0276,
              0
            ],
            [
              -60.67814,
              -33.027567,
              0
            ],
            [
              -60.677836,
              -33.027671,
              0
            ],
            [
              -60.677108,
              -33.028181,
              0
            ],
            [
              -60.676662,
              -33.028466,
              0
            ],
            [
              -60.675881,
              -33.028599,
              0
            ],
            [
              -60.675055,
              -33.028355,
              0
            ],
            [
              -60.67465,
              -33.028494,
              0
            ],
            [
              -60.673509,
              -33.027681,
              0
            ],
            [
              -60.672787,
              -33.027719,
              0
            ],
            [
              -60.672063,
              -33.027449,
              0
            ],
            [
              -60.671137,
              -33.027274,
              0
            ],
            [
              -60.669382,
              -33.026197,
              0
            ],
            [
              -60.66537,
              -33.026116,
              0
            ],
            [
              -60.664944,
              -33.02623,
              0
            ],
            [
              -60.664327,
              -33.02627,
              0
            ],
            [
              -60.664825,
              -33.017263,
              0
            ],
            [
              -60.678816,
              -33.017721,
              0
            ],
            [
              -60.679307,
              -33.017788,
              0
            ]
          ]
        ]
      },
      "properties": {
        "description": {
          "@type": "html",
          "value": "descripción: <br>id: 49<br>Sector: 47<br>Sub Zona: 3D<br>Zona: 3"
        },
        "styleUrl": "#poly-E65100-1200-76",
        "fill-opacity": 0.2980392156862745,
        "fill": "#e65100",
        "stroke-opacity": 1,
        "stroke": "#e65100",
        "stroke-width": 1.2,
        "descripción": "",
        "id": "49",
        "Sector": "47",
        "Sub Zona": "3D",
        "Zona": "3",
        "name": "Sector 47 (3D)",
        "fillColor": "#e65100",
        "color": "#e65100",
        "fillOpacity": 0.2980392156862745
      }
    },
    {
      "type": "Feature",
      "geometry": {
        "type": "Polygon",
        "coordinates": [
          [
            [
              -60.68968,
              -33.010095,
              0
            ],
            [
              -60.689681,
              -33.010162,
              0
            ],
            [
              -60.689738,
              -33.014799,
              0
            ],
            [
              -60.689812,
              -33.021278,
              0
            ],
            [
              -60.680124,
              -33.021017,
              0
            ],
            [
              -60.679307,
              -33.017788,
              0
            ],
            [
              -60.677578,
              -33.009835,
              0
            ],
            [
              -60.68968,
              -33.010095,
              0
            ]
          ]
        ]
      },
      "properties": {
        "description": {
          "@type": "html",
          "value": "descripción: <br>id: 50<br>Sector: 51<br>Sub Zona: 3D<br>Zona: 3"
        },
        "styleUrl": "#poly-E65100-1200-76",
        "fill-opacity": 0.2980392156862745,
        "fill": "#e65100",
        "stroke-opacity": 1,
        "stroke": "#e65100",
        "stroke-width": 1.2,
        "descripción": "",
        "id": "50",
        "Sector": "51",
        "Sub Zona": "3D",
        "Zona": "3",
        "name": "Sector 51 (3D)",
        "fillColor": "#e65100",
        "color": "#e65100",
        "fillOpacity": 0.2980392156862745
      }
    },
    {
      "type": "Feature",
      "geometry": {
        "type": "Polygon",
        "coordinates": [
          [
            [
              -60.689812,
              -33.021278,
              0
            ],
            [
              -60.690039,
              -33.034841,
              0
            ],
            [
              -60.689638,
              -33.034832,
              0
            ],
            [
              -60.688488,
              -33.034598,
              0
            ],
            [
              -60.687121,
              -33.034049,
              0
            ],
            [
              -60.686302,
              -33.033334,
              0
            ],
            [
              -60.685562,
              -33.032301,
              0
            ],
            [
              -60.684855,
              -33.031408,
              0
            ],
            [
              -60.683997,
              -33.030916,
              0
            ],
            [
              -60.684064,
              -33.030393,
              0
            ],
            [
              -60.683888,
              -33.030069,
              0
            ],
            [
              -60.683204,
              -33.029618,
              0
            ],
            [
              -60.682363,
              -33.029551,
              0
            ],
            [
              -60.680124,
              -33.021017,
              0
            ],
            [
              -60.689812,
              -33.021278,
              0
            ]
          ]
        ]
      },
      "properties": {
        "description": {
          "@type": "html",
          "value": "descripción: <br>id: 51<br>Sector: 52<br>Sub Zona: 3D<br>Zona: 3"
        },
        "styleUrl": "#poly-E65100-1200-76",
        "fill-opacity": 0.2980392156862745,
        "fill": "#e65100",
        "stroke-opacity": 1,
        "stroke": "#e65100",
        "stroke-width": 1.2,
        "descripción": "",
        "id": "51",
        "Sector": "52",
        "Sub Zona": "3D",
        "Zona": "3",
        "name": "Sector 52 (3D)",
        "fillColor": "#e65100",
        "color": "#e65100",
        "fillOpacity": 0.2980392156862745
      }
    },
    {
      "type": "Feature",
      "geometry": {
        "type": "Polygon",
        "coordinates": [
          [
            [
              -60.704951,
              -32.875656,
              0
            ],
            [
              -60.702655,
              -32.882429,
              0
            ],
            [
              -60.695845,
              -32.882161,
              0
            ],
            [
              -60.696098,
              -32.881339,
              0
            ],
            [
              -60.696268,
              -32.880791,
              0
            ],
            [
              -60.696628,
              -32.879586,
              0
            ],
            [
              -60.696842,
              -32.878875,
              0
            ],
            [
              -60.697088,
              -32.878061,
              0
            ],
            [
              -60.697445,
              -32.876902,
              0
            ],
            [
              -60.697794,
              -32.875769,
              0
            ],
            [
              -60.698136,
              -32.874635,
              0
            ],
            [
              -60.698501,
              -32.873419,
              0
            ],
            [
              -60.69877,
              -32.87248,
              0
            ],
            [
              -60.700589,
              -32.87093,
              0
            ],
            [
              -60.706568,
              -32.871178,
              0
            ],
            [
              -60.704951,
              -32.875656,
              0
            ]
          ]
        ]
      },
      "properties": {
        "description": {
          "@type": "html",
          "value": "descripción: <br>id: 53<br>Sector: 2<br>Sub Zona: 1A<br>Zona: 1"
        },
        "styleUrl": "#poly-0288D1-1200-76",
        "fill-opacity": 0.2980392156862745,
        "fill": "#0288d1",
        "stroke-opacity": 1,
        "stroke": "#0288d1",
        "stroke-width": 1.2,
        "descripción": "",
        "id": "53",
        "Sector": "2",
        "Sub Zona": "1A",
        "Zona": "1",
        "name": "Sector 2 (1A)",
        "fillColor": "#0288d1",
        "color": "#0288d1",
        "fillOpacity": 0.2980392156862745
      }
    },
    {
      "type": "Feature",
      "geometry": {
        "type": "Polygon",
        "coordinates": [
          [
            [
              -60.700589,
              -32.87093,
              0
            ],
            [
              -60.69877,
              -32.87248,
              0
            ],
            [
              -60.698501,
              -32.873419,
              0
            ],
            [
              -60.698136,
              -32.874635,
              0
            ],
            [
              -60.697794,
              -32.875769,
              0
            ],
            [
              -60.697445,
              -32.876902,
              0
            ],
            [
              -60.697088,
              -32.878061,
              0
            ],
            [
              -60.696842,
              -32.878875,
              0
            ],
            [
              -60.696628,
              -32.879586,
              0
            ],
            [
              -60.696268,
              -32.880791,
              0
            ],
            [
              -60.696098,
              -32.881339,
              0
            ],
            [
              -60.691794,
              -32.880394,
              0
            ],
            [
              -60.689761,
              -32.87996,
              0
            ],
            [
              -60.68656,
              -32.87928,
              0
            ],
            [
              -60.686594,
              -32.879041,
              0
            ],
            [
              -60.686784,
              -32.87676,
              0
            ],
            [
              -60.686913,
              -32.876361,
              0
            ],
            [
              -60.687565,
              -32.875257,
              0
            ],
            [
              -60.687184,
              -32.874702,
              0
            ],
            [
              -60.687547,
              -32.873415,
              0
            ],
            [
              -60.688201,
              -32.870079,
              0
            ],
            [
              -60.689744,
              -32.869449,
              0
            ],
            [
              -60.691178,
              -32.86925,
              0
            ],
            [
              -60.691787,
              -32.869598,
              0
            ],
            [
              -60.692753,
              -32.870531,
              0
            ],
            [
              -60.697999,
              -32.871205,
              0
            ],
            [
              -60.699268,
              -32.870875,
              0
            ],
            [
              -60.700589,
              -32.87093,
              0
            ]
          ]
        ]
      },
      "properties": {
        "description": {
          "@type": "html",
          "value": "descripción: <br>id: 52<br>Sector: 1<br>Sub Zona: 1A<br>Zona: 1"
        },
        "styleUrl": "#poly-0288D1-1200-76",
        "fill-opacity": 0.2980392156862745,
        "fill": "#0288d1",
        "stroke-opacity": 1,
        "stroke": "#0288d1",
        "stroke-width": 1.2,
        "descripción": "",
        "id": "52",
        "Sector": "1",
        "Sub Zona": "1A",
        "Zona": "1",
        "name": "Sector 1 (1A)",
        "fillColor": "#0288d1",
        "color": "#0288d1",
        "fillOpacity": 0.2980392156862745
      }
    },
    {
      "type": "Feature",
      "geometry": {
        "type": "Polygon",
        "coordinates": [
          [
            [
              -60.68656,
              -32.87928,
              0
            ],
            [
              -60.689761,
              -32.87996,
              0
            ],
            [
              -60.691794,
              -32.880394,
              0
            ],
            [
              -60.696098,
              -32.881339,
              0
            ],
            [
              -60.695845,
              -32.882161,
              0
            ],
            [
              -60.693895,
              -32.888319,
              0
            ],
            [
              -60.693235,
              -32.890386,
              0
            ],
            [
              -60.686025,
              -32.888798,
              0
            ],
            [
              -60.686363,
              -32.887924,
              0
            ],
            [
              -60.68645,
              -32.88692,
              0
            ],
            [
              -60.686678,
              -32.885028,
              0
            ],
            [
              -60.686785,
              -32.884214,
              0
            ],
            [
              -60.686567,
              -32.882908,
              0
            ],
            [
              -60.686326,
              -32.880919,
              0
            ],
            [
              -60.68656,
              -32.87928,
              0
            ]
          ]
        ]
      },
      "properties": {
        "description": {
          "@type": "html",
          "value": "descripción: <br>id: 54<br>Sector: 3<br>Sub Zona: 1A<br>Zona: 1"
        },
        "styleUrl": "#poly-0288D1-1200-76",
        "fill-opacity": 0.2980392156862745,
        "fill": "#0288d1",
        "stroke-opacity": 1,
        "stroke": "#0288d1",
        "stroke-width": 1.2,
        "descripción": "",
        "id": "54",
        "Sector": "3",
        "Sub Zona": "1A",
        "Zona": "1",
        "name": "Sector 3 (1A)",
        "fillColor": "#0288d1",
        "color": "#0288d1",
        "fillOpacity": 0.2980392156862745
      }
    },
    {
      "type": "Feature",
      "geometry": {
        "type": "Polygon",
        "coordinates": [
          [
            [
              -60.702655,
              -32.882429,
              0
            ],
            [
              -60.700566,
              -32.888588,
              0
            ],
            [
              -60.693895,
              -32.888319,
              0
            ],
            [
              -60.695845,
              -32.882161,
              0
            ],
            [
              -60.702655,
              -32.882429,
              0
            ]
          ]
        ]
      },
      "properties": {
        "description": {
          "@type": "html",
          "value": "descripción: <br>id: 55<br>Sector: 4<br>Sub Zona: 1A<br>Zona: 1"
        },
        "styleUrl": "#poly-0288D1-1200-76",
        "fill-opacity": 0.2980392156862745,
        "fill": "#0288d1",
        "stroke-opacity": 1,
        "stroke": "#0288d1",
        "stroke-width": 1.2,
        "descripción": "",
        "id": "55",
        "Sector": "4",
        "Sub Zona": "1A",
        "Zona": "1",
        "name": "Sector 4 (1A)",
        "fillColor": "#0288d1",
        "color": "#0288d1",
        "fillOpacity": 0.2980392156862745
      }
    },
    {
      "type": "Feature",
      "geometry": {
        "type": "Polygon",
        "coordinates": [
          [
            [
              -60.693235,
              -32.890386,
              0
            ],
            [
              -60.691808,
              -32.895022,
              0
            ],
            [
              -60.682928,
              -32.893039,
              0
            ],
            [
              -60.683229,
              -32.892846,
              0
            ],
            [
              -60.684268,
              -32.892857,
              0
            ],
            [
              -60.684603,
              -32.892217,
              0
            ],
            [
              -60.684865,
              -32.891945,
              0
            ],
            [
              -60.685881,
              -32.88917,
              0
            ],
            [
              -60.686025,
              -32.888798,
              0
            ],
            [
              -60.693235,
              -32.890386,
              0
            ]
          ]
        ]
      },
      "properties": {
        "description": {
          "@type": "html",
          "value": "descripción: <br>id: 56<br>Sector: 5<br>Sub Zona: 1A<br>Zona: 1"
        },
        "styleUrl": "#poly-0288D1-1200-76",
        "fill-opacity": 0.2980392156862745,
        "fill": "#0288d1",
        "stroke-opacity": 1,
        "stroke": "#0288d1",
        "stroke-width": 1.2,
        "descripción": "",
        "id": "56",
        "Sector": "5",
        "Sub Zona": "1A",
        "Zona": "1",
        "name": "Sector 5 (1A)",
        "fillColor": "#0288d1",
        "color": "#0288d1",
        "fillOpacity": 0.2980392156862745
      }
    },
    {
      "type": "Feature",
      "geometry": {
        "type": "Polygon",
        "coordinates": [
          [
            [
              -60.700566,
              -32.888588,
              0
            ],
            [
              -60.699177,
              -32.892683,
              0
            ],
            [
              -60.697148,
              -32.898613,
              0
            ],
            [
              -60.691012,
              -32.897328,
              0
            ],
            [
              -60.691808,
              -32.895022,
              0
            ],
            [
              -60.693235,
              -32.890386,
              0
            ],
            [
              -60.693895,
              -32.888319,
              0
            ],
            [
              -60.700566,
              -32.888588,
              0
            ]
          ]
        ]
      },
      "properties": {
        "description": {
          "@type": "html",
          "value": "descripción: <br>id: 57<br>Sector: 6<br>Sub Zona: 1A<br>Zona: 1"
        },
        "styleUrl": "#poly-0288D1-1200-76",
        "fill-opacity": 0.2980392156862745,
        "fill": "#0288d1",
        "stroke-opacity": 1,
        "stroke": "#0288d1",
        "stroke-width": 1.2,
        "descripción": "",
        "id": "57",
        "Sector": "6",
        "Sub Zona": "1A",
        "Zona": "1",
        "name": "Sector 6 (1A)",
        "fillColor": "#0288d1",
        "color": "#0288d1",
        "fillOpacity": 0.2980392156862745
      }
    },
    {
      "type": "Feature",
      "geometry": {
        "type": "Polygon",
        "coordinates": [
          [
            [
              -60.691808,
              -32.895022,
              0
            ],
            [
              -60.691012,
              -32.897328,
              0
            ],
            [
              -60.690508,
              -32.899003,
              0
            ],
            [
              -60.690705,
              -32.899046,
              0
            ],
            [
              -60.690485,
              -32.899774,
              0
            ],
            [
              -60.689282,
              -32.90358,
              0
            ],
            [
              -60.681316,
              -32.901833,
              0
            ],
            [
              -60.679365,
              -32.901528,
              0
            ],
            [
              -60.67948,
              -32.901422,
              0
            ],
            [
              -60.680803,
              -32.899039,
              0
            ],
            [
              -60.681755,
              -32.897472,
              0
            ],
            [
              -60.68238,
              -32.895433,
              0
            ],
            [
              -60.682784,
              -32.893901,
              0
            ],
            [
              -60.682928,
              -32.893039,
              0
            ],
            [
              -60.691808,
              -32.895022,
              0
            ]
          ]
        ]
      },
      "properties": {
        "description": {
          "@type": "html",
          "value": "descripción: <br>id: 58<br>Sector: 7<br>Sub Zona: 1A<br>Zona: 1"
        },
        "styleUrl": "#poly-0288D1-1200-76",
        "fill-opacity": 0.2980392156862745,
        "fill": "#0288d1",
        "stroke-opacity": 1,
        "stroke": "#0288d1",
        "stroke-width": 1.2,
        "descripción": "",
        "id": "58",
        "Sector": "7",
        "Sub Zona": "1A",
        "Zona": "1",
        "name": "Sector 7 (1A)",
        "fillColor": "#0288d1",
        "color": "#0288d1",
        "fillOpacity": 0.2980392156862745
      }
    },
    {
      "type": "Feature",
      "geometry": {
        "type": "Polygon",
        "coordinates": [
          [
            [
              -60.697148,
              -32.898613,
              0
            ],
            [
              -60.695756,
              -32.902655,
              0
            ],
            [
              -60.694219,
              -32.90712,
              0
            ],
            [
              -60.692485,
              -32.907079,
              0
            ],
            [
              -60.689028,
              -32.906937,
              0
            ],
            [
              -60.688231,
              -32.906911,
              0
            ],
            [
              -60.689282,
              -32.90358,
              0
            ],
            [
              -60.690485,
              -32.899774,
              0
            ],
            [
              -60.690705,
              -32.899046,
              0
            ],
            [
              -60.690508,
              -32.899003,
              0
            ],
            [
              -60.691012,
              -32.897328,
              0
            ],
            [
              -60.697148,
              -32.898613,
              0
            ]
          ]
        ]
      },
      "properties": {
        "description": {
          "@type": "html",
          "value": "descripción: <br>id: 59<br>Sector: 8<br>Sub Zona: 1A<br>Zona: 1"
        },
        "styleUrl": "#poly-0288D1-1200-76",
        "fill-opacity": 0.2980392156862745,
        "fill": "#0288d1",
        "stroke-opacity": 1,
        "stroke": "#0288d1",
        "stroke-width": 1.2,
        "descripción": "",
        "id": "59",
        "Sector": "8",
        "Sub Zona": "1A",
        "Zona": "1",
        "name": "Sector 8 (1A)",
        "fillColor": "#0288d1",
        "color": "#0288d1",
        "fillOpacity": 0.2980392156862745
      }
    },
    {
      "type": "Feature",
      "geometry": {
        "type": "Polygon",
        "coordinates": [
          [
            [
              -60.688231,
              -32.906911,
              0
            ],
            [
              -60.675953,
              -32.906531,
              0
            ],
            [
              -60.67628,
              -32.904872,
              0
            ],
            [
              -60.676708,
              -32.903977,
              0
            ],
            [
              -60.679365,
              -32.901528,
              0
            ],
            [
              -60.681316,
              -32.901833,
              0
            ],
            [
              -60.689282,
              -32.90358,
              0
            ],
            [
              -60.688231,
              -32.906911,
              0
            ]
          ]
        ]
      },
      "properties": {
        "description": {
          "@type": "html",
          "value": "descripción: <br>id: 60<br>Sector: 9<br>Sub Zona: 1A<br>Zona: 1"
        },
        "styleUrl": "#poly-0288D1-1200-76",
        "fill-opacity": 0.2980392156862745,
        "fill": "#0288d1",
        "stroke-opacity": 1,
        "stroke": "#0288d1",
        "stroke-width": 1.2,
        "descripción": "",
        "id": "60",
        "Sector": "9",
        "Sub Zona": "1A",
        "Zona": "1",
        "name": "Sector 9 (1A)",
        "fillColor": "#0288d1",
        "color": "#0288d1",
        "fillOpacity": 0.2980392156862745
      }
    },
    {
      "type": "Feature",
      "geometry": {
        "type": "Polygon",
        "coordinates": [
          [
            [
              -60.689028,
              -32.906937,
              0
            ],
            [
              -60.68717,
              -32.912957,
              0
            ],
            [
              -60.686848,
              -32.914008,
              0
            ],
            [
              -60.686496,
              -32.914531,
              0
            ],
            [
              -60.685953,
              -32.914284,
              0
            ],
            [
              -60.684027,
              -32.912767,
              0
            ],
            [
              -60.683523,
              -32.912558,
              0
            ],
            [
              -60.683502,
              -32.912544,
              0
            ],
            [
              -60.683245,
              -32.912377,
              0
            ],
            [
              -60.682888,
              -32.912263,
              0
            ],
            [
              -60.682197,
              -32.912197,
              0
            ],
            [
              -60.681705,
              -32.912235,
              0
            ],
            [
              -60.681166,
              -32.912339,
              0
            ],
            [
              -60.680753,
              -32.912334,
              0
            ],
            [
              -60.680362,
              -32.912377,
              0
            ],
            [
              -60.680255,
              -32.912137,
              0
            ],
            [
              -60.680017,
              -32.911961,
              0
            ],
            [
              -60.679765,
              -32.911918,
              0
            ],
            [
              -60.679385,
              -32.91193,
              0
            ],
            [
              -60.679136,
              -32.912106,
              0
            ],
            [
              -60.678779,
              -32.91222,
              0
            ],
            [
              -60.678088,
              -32.912334,
              0
            ],
            [
              -60.677805,
              -32.912282,
              0
            ],
            [
              -60.67738,
              -32.912258,
              0
            ],
            [
              -60.676899,
              -32.912187,
              0
            ],
            [
              -60.67657,
              -32.912168,
              0
            ],
            [
              -60.676145,
              -32.912068,
              0
            ],
            [
              -60.675568,
              -32.91223,
              0
            ],
            [
              -60.675573,
              -32.911835,
              0
            ],
            [
              -60.672538,
              -32.911965,
              0
            ],
            [
              -60.673873,
              -32.911049,
              0
            ],
            [
              -60.675106,
              -32.906951,
              0
            ],
            [
              -60.675953,
              -32.906531,
              0
            ],
            [
              -60.688231,
              -32.906911,
              0
            ],
            [
              -60.689028,
              -32.906937,
              0
            ]
          ]
        ]
      },
      "properties": {
        "description": {
          "@type": "html",
          "value": "descripción: <br>id: 62<br>Sector: 11<br>Sub Zona: 1A<br>Zona: 1"
        },
        "styleUrl": "#poly-0288D1-1200-76",
        "fill-opacity": 0.2980392156862745,
        "fill": "#0288d1",
        "stroke-opacity": 1,
        "stroke": "#0288d1",
        "stroke-width": 1.2,
        "descripción": "",
        "id": "62",
        "Sector": "11",
        "Sub Zona": "1A",
        "Zona": "1",
        "name": "Sector 11 (1A)",
        "fillColor": "#0288d1",
        "color": "#0288d1",
        "fillOpacity": 0.2980392156862745
      }
    },
    {
      "type": "Feature",
      "geometry": {
        "type": "Polygon",
        "coordinates": [
          [
            [
              -60.694219,
              -32.90712,
              0
            ],
            [
              -60.694129,
              -32.907386,
              0
            ],
            [
              -60.694039,
              -32.907706,
              0
            ],
            [
              -60.693987,
              -32.907945,
              0
            ],
            [
              -60.693944,
              -32.90812,
              0
            ],
            [
              -60.693929,
              -32.908288,
              0
            ],
            [
              -60.693902,
              -32.908465,
              0
            ],
            [
              -60.693787,
              -32.909262,
              0
            ],
            [
              -60.693716,
              -32.909933,
              0
            ],
            [
              -60.693828,
              -32.910846,
              0
            ],
            [
              -60.693754,
              -32.913133,
              0
            ],
            [
              -60.68717,
              -32.912957,
              0
            ],
            [
              -60.689028,
              -32.906937,
              0
            ],
            [
              -60.692485,
              -32.907079,
              0
            ],
            [
              -60.694219,
              -32.90712,
              0
            ]
          ]
        ]
      },
      "properties": {
        "description": {
          "@type": "html",
          "value": "descripción: <br>id: 61<br>Sector: 10<br>Sub Zona: 1B<br>Zona: 1"
        },
        "styleUrl": "#poly-0288D1-1200-76",
        "fill-opacity": 0.2980392156862745,
        "fill": "#0288d1",
        "stroke-opacity": 1,
        "stroke": "#0288d1",
        "stroke-width": 1.2,
        "descripción": "",
        "id": "61",
        "Sector": "10",
        "Sub Zona": "1B",
        "Zona": "1",
        "name": "Sector 10 (1B)",
        "fillColor": "#0288d1",
        "color": "#0288d1",
        "fillOpacity": 0.2980392156862745
      }
    },
    {
      "type": "Feature",
      "geometry": {
        "type": "Polygon",
        "coordinates": [
          [
            [
              -60.719682,
              -32.871722,
              0
            ],
            [
              -60.719585,
              -32.871784,
              0
            ],
            [
              -60.718792,
              -32.872375,
              0
            ],
            [
              -60.718511,
              -32.87259,
              0
            ],
            [
              -60.718163,
              -32.872866,
              0
            ],
            [
              -60.717879,
              -32.873109,
              0
            ],
            [
              -60.71755,
              -32.873395,
              0
            ],
            [
              -60.717241,
              -32.873675,
              0
            ],
            [
              -60.716958,
              -32.873951,
              0
            ],
            [
              -60.716411,
              -32.874512,
              0
            ],
            [
              -60.716147,
              -32.874798,
              0
            ],
            [
              -60.715888,
              -32.875087,
              0
            ],
            [
              -60.715635,
              -32.87538,
              0
            ],
            [
              -60.715388,
              -32.875676,
              0
            ],
            [
              -60.715147,
              -32.875976,
              0
            ],
            [
              -60.714913,
              -32.876281,
              0
            ],
            [
              -60.714667,
              -32.876637,
              0
            ],
            [
              -60.714478,
              -32.876914,
              0
            ],
            [
              -60.714285,
              -32.877218,
              0
            ],
            [
              -60.714135,
              -32.877471,
              0
            ],
            [
              -60.713943,
              -32.87779,
              0
            ],
            [
              -60.713678,
              -32.878304,
              0
            ],
            [
              -60.713449,
              -32.878749,
              0
            ],
            [
              -60.713219,
              -32.879234,
              0
            ],
            [
              -60.712186,
              -32.881372,
              0
            ],
            [
              -60.71194,
              -32.881837,
              0
            ],
            [
              -60.711583,
              -32.882562,
              0
            ],
            [
              -60.711369,
              -32.883012,
              0
            ],
            [
              -60.711249,
              -32.882865,
              0
            ],
            [
              -60.709908,
              -32.881218,
              0
            ],
            [
              -60.706708,
              -32.877313,
              0
            ],
            [
              -60.704951,
              -32.875656,
              0
            ],
            [
              -60.706568,
              -32.871178,
              0
            ],
            [
              -60.719682,
              -32.871722,
              0
            ]
          ]
        ]
      },
      "properties": {
        "description": {
          "@type": "html",
          "value": "descripción: <br>id: 63<br>Sector: 12<br>Sub Zona: 1D<br>Zona: 1"
        },
        "styleUrl": "#poly-0288D1-1200-76",
        "fill-opacity": 0.2980392156862745,
        "fill": "#0288d1",
        "stroke-opacity": 1,
        "stroke": "#0288d1",
        "stroke-width": 1.2,
        "descripción": "",
        "id": "63",
        "Sector": "12",
        "Sub Zona": "1D",
        "Zona": "1",
        "name": "Sector 12 (1D)",
        "fillColor": "#0288d1",
        "color": "#0288d1",
        "fillOpacity": 0.2980392156862745
      }
    },
    {
      "type": "Feature",
      "geometry": {
        "type": "Polygon",
        "coordinates": [
          [
            [
              -60.719682,
              -32.871722,
              0
            ],
            [
              -60.722617,
              -32.871844,
              0
            ],
            [
              -60.721276,
              -32.879035,
              0
            ],
            [
              -60.72044,
              -32.883497,
              0
            ],
            [
              -60.719916,
              -32.887091,
              0
            ],
            [
              -60.718754,
              -32.892082,
              0
            ],
            [
              -60.716103,
              -32.888818,
              0
            ],
            [
              -60.715081,
              -32.88757,
              0
            ],
            [
              -60.712656,
              -32.884593,
              0
            ],
            [
              -60.711369,
              -32.883012,
              0
            ],
            [
              -60.711583,
              -32.882562,
              0
            ],
            [
              -60.71194,
              -32.881837,
              0
            ],
            [
              -60.712186,
              -32.881372,
              0
            ],
            [
              -60.713219,
              -32.879234,
              0
            ],
            [
              -60.713449,
              -32.878749,
              0
            ],
            [
              -60.713678,
              -32.878304,
              0
            ],
            [
              -60.713943,
              -32.87779,
              0
            ],
            [
              -60.714135,
              -32.877471,
              0
            ],
            [
              -60.714285,
              -32.877218,
              0
            ],
            [
              -60.714478,
              -32.876914,
              0
            ],
            [
              -60.714667,
              -32.876637,
              0
            ],
            [
              -60.714913,
              -32.876281,
              0
            ],
            [
              -60.715147,
              -32.875976,
              0
            ],
            [
              -60.715388,
              -32.875676,
              0
            ],
            [
              -60.715635,
              -32.87538,
              0
            ],
            [
              -60.715888,
              -32.875087,
              0
            ],
            [
              -60.716147,
              -32.874798,
              0
            ],
            [
              -60.716411,
              -32.874512,
              0
            ],
            [
              -60.716958,
              -32.873951,
              0
            ],
            [
              -60.717241,
              -32.873675,
              0
            ],
            [
              -60.71755,
              -32.873395,
              0
            ],
            [
              -60.717879,
              -32.873109,
              0
            ],
            [
              -60.718163,
              -32.872866,
              0
            ],
            [
              -60.718511,
              -32.87259,
              0
            ],
            [
              -60.718792,
              -32.872375,
              0
            ],
            [
              -60.719585,
              -32.871784,
              0
            ],
            [
              -60.719682,
              -32.871722,
              0
            ]
          ]
        ]
      },
      "properties": {
        "description": {
          "@type": "html",
          "value": "descripción: <br>id: 64<br>Sector: 13<br>Sub Zona: 1D<br>Zona: 1"
        },
        "styleUrl": "#poly-0288D1-1200-76",
        "fill-opacity": 0.2980392156862745,
        "fill": "#0288d1",
        "stroke-opacity": 1,
        "stroke": "#0288d1",
        "stroke-width": 1.2,
        "descripción": "",
        "id": "64",
        "Sector": "13",
        "Sub Zona": "1D",
        "Zona": "1",
        "name": "Sector 13 (1D)",
        "fillColor": "#0288d1",
        "color": "#0288d1",
        "fillOpacity": 0.2980392156862745
      }
    },
    {
      "type": "Feature",
      "geometry": {
        "type": "Polygon",
        "coordinates": [
          [
            [
              -60.704951,
              -32.875656,
              0
            ],
            [
              -60.706708,
              -32.877313,
              0
            ],
            [
              -60.709908,
              -32.881218,
              0
            ],
            [
              -60.711249,
              -32.882865,
              0
            ],
            [
              -60.711369,
              -32.883012,
              0
            ],
            [
              -60.711237,
              -32.883265,
              0
            ],
            [
              -60.711022,
              -32.883739,
              0
            ],
            [
              -60.710449,
              -32.884942,
              0
            ],
            [
              -60.710101,
              -32.885312,
              0
            ],
            [
              -60.709822,
              -32.886042,
              0
            ],
            [
              -60.709397,
              -32.88697,
              0
            ],
            [
              -60.709101,
              -32.887577,
              0
            ],
            [
              -60.708084,
              -32.889354,
              0
            ],
            [
              -60.707037,
              -32.890934,
              0
            ],
            [
              -60.706592,
              -32.891528,
              0
            ],
            [
              -60.706411,
              -32.891784,
              0
            ],
            [
              -60.706244,
              -32.892024,
              0
            ],
            [
              -60.705986,
              -32.892352,
              0
            ],
            [
              -60.705633,
              -32.892894,
              0
            ],
            [
              -60.705373,
              -32.89331,
              0
            ],
            [
              -60.705152,
              -32.893619,
              0
            ],
            [
              -60.703215,
              -32.893555,
              0
            ],
            [
              -60.702176,
              -32.893333,
              0
            ],
            [
              -60.701133,
              -32.893116,
              0
            ],
            [
              -60.699177,
              -32.892683,
              0
            ],
            [
              -60.700566,
              -32.888588,
              0
            ],
            [
              -60.702655,
              -32.882429,
              0
            ],
            [
              -60.704951,
              -32.875656,
              0
            ]
          ]
        ]
      },
      "properties": {
        "description": {
          "@type": "html",
          "value": "descripción: <br>id: 65<br>Sector: 14<br>Sub Zona: 1B<br>Zona: 1"
        },
        "styleUrl": "#poly-0288D1-1200-76",
        "fill-opacity": 0.2980392156862745,
        "fill": "#0288d1",
        "stroke-opacity": 1,
        "stroke": "#0288d1",
        "stroke-width": 1.2,
        "descripción": "",
        "id": "65",
        "Sector": "14",
        "Sub Zona": "1B",
        "Zona": "1",
        "name": "Sector 14 (1B)",
        "fillColor": "#0288d1",
        "color": "#0288d1",
        "fillOpacity": 0.2980392156862745
      }
    },
    {
      "type": "Feature",
      "geometry": {
        "type": "Polygon",
        "coordinates": [
          [
            [
              -60.705152,
              -32.893619,
              0
            ],
            [
              -60.705373,
              -32.89331,
              0
            ],
            [
              -60.705633,
              -32.892894,
              0
            ],
            [
              -60.705986,
              -32.892352,
              0
            ],
            [
              -60.706244,
              -32.892024,
              0
            ],
            [
              -60.706411,
              -32.891784,
              0
            ],
            [
              -60.706592,
              -32.891528,
              0
            ],
            [
              -60.707037,
              -32.890934,
              0
            ],
            [
              -60.708084,
              -32.889354,
              0
            ],
            [
              -60.709101,
              -32.887577,
              0
            ],
            [
              -60.709397,
              -32.88697,
              0
            ],
            [
              -60.709822,
              -32.886042,
              0
            ],
            [
              -60.710101,
              -32.885312,
              0
            ],
            [
              -60.710449,
              -32.884942,
              0
            ],
            [
              -60.711022,
              -32.883739,
              0
            ],
            [
              -60.711237,
              -32.883265,
              0
            ],
            [
              -60.711369,
              -32.883012,
              0
            ],
            [
              -60.712656,
              -32.884593,
              0
            ],
            [
              -60.715081,
              -32.88757,
              0
            ],
            [
              -60.716103,
              -32.888818,
              0
            ],
            [
              -60.718754,
              -32.892082,
              0
            ],
            [
              -60.720371,
              -32.894338,
              0
            ],
            [
              -60.718111,
              -32.893823,
              0
            ],
            [
              -60.712868,
              -32.89365,
              0
            ],
            [
              -60.708089,
              -32.8935,
              0
            ],
            [
              -60.707817,
              -32.893575,
              0
            ],
            [
              -60.707366,
              -32.893716,
              0
            ],
            [
              -60.70632,
              -32.893662,
              0
            ],
            [
              -60.705152,
              -32.893619,
              0
            ]
          ]
        ]
      },
      "properties": {
        "description": {
          "@type": "html",
          "value": "descripción: <br>id: 66<br>Sector: 15<br>Sub Zona: 1B<br>Zona: 1"
        },
        "styleUrl": "#poly-0288D1-1200-76",
        "fill-opacity": 0.2980392156862745,
        "fill": "#0288d1",
        "stroke-opacity": 1,
        "stroke": "#0288d1",
        "stroke-width": 1.2,
        "descripción": "",
        "id": "66",
        "Sector": "15",
        "Sub Zona": "1B",
        "Zona": "1",
        "name": "Sector 15 (1B)",
        "fillColor": "#0288d1",
        "color": "#0288d1",
        "fillOpacity": 0.2980392156862745
      }
    },
    {
      "type": "Feature",
      "geometry": {
        "type": "Polygon",
        "coordinates": [
          [
            [
              -60.699177,
              -32.892683,
              0
            ],
            [
              -60.701133,
              -32.893116,
              0
            ],
            [
              -60.702176,
              -32.893333,
              0
            ],
            [
              -60.703215,
              -32.893555,
              0
            ],
            [
              -60.705152,
              -32.893619,
              0
            ],
            [
              -60.70632,
              -32.893662,
              0
            ],
            [
              -60.705976,
              -32.89914,
              0
            ],
            [
              -60.701422,
              -32.898917,
              0
            ],
            [
              -60.699998,
              -32.903535,
              0
            ],
            [
              -60.695756,
              -32.902655,
              0
            ],
            [
              -60.697148,
              -32.898613,
              0
            ],
            [
              -60.699177,
              -32.892683,
              0
            ]
          ]
        ]
      },
      "properties": {
        "description": {
          "@type": "html",
          "value": "descripción: <br>id: 67<br>Sector: 16<br>Sub Zona: 1B<br>Zona: 1"
        },
        "styleUrl": "#poly-0288D1-1200-76",
        "fill-opacity": 0.2980392156862745,
        "fill": "#0288d1",
        "stroke-opacity": 1,
        "stroke": "#0288d1",
        "stroke-width": 1.2,
        "descripción": "",
        "id": "67",
        "Sector": "16",
        "Sub Zona": "1B",
        "Zona": "1",
        "name": "Sector 16 (1B)",
        "fillColor": "#0288d1",
        "color": "#0288d1",
        "fillOpacity": 0.2980392156862745
      }
    },
    {
      "type": "Feature",
      "geometry": {
        "type": "Polygon",
        "coordinates": [
          [
            [
              -60.720371,
              -32.894338,
              0
            ],
            [
              -60.71303,
              -32.900766,
              0
            ],
            [
              -60.705976,
              -32.899293,
              0
            ],
            [
              -60.705976,
              -32.89914,
              0
            ],
            [
              -60.70632,
              -32.893662,
              0
            ],
            [
              -60.707366,
              -32.893716,
              0
            ],
            [
              -60.707817,
              -32.893575,
              0
            ],
            [
              -60.708089,
              -32.8935,
              0
            ],
            [
              -60.712868,
              -32.89365,
              0
            ],
            [
              -60.718111,
              -32.893823,
              0
            ],
            [
              -60.720371,
              -32.894338,
              0
            ]
          ]
        ]
      },
      "properties": {
        "description": {
          "@type": "html",
          "value": "descripción: <br>id: 68<br>Sector: 17<br>Sub Zona: 1B<br>Zona: 1"
        },
        "styleUrl": "#poly-0288D1-1200-76",
        "fill-opacity": 0.2980392156862745,
        "fill": "#0288d1",
        "stroke-opacity": 1,
        "stroke": "#0288d1",
        "stroke-width": 1.2,
        "descripción": "",
        "id": "68",
        "Sector": "17",
        "Sub Zona": "1B",
        "Zona": "1",
        "name": "Sector 17 (1B)",
        "fillColor": "#0288d1",
        "color": "#0288d1",
        "fillOpacity": 0.2980392156862745
      }
    },
    {
      "type": "Feature",
      "geometry": {
        "type": "Polygon",
        "coordinates": [
          [
            [
              -60.701422,
              -32.898917,
              0
            ],
            [
              -60.705976,
              -32.89914,
              0
            ],
            [
              -60.705976,
              -32.899293,
              0
            ],
            [
              -60.71303,
              -32.900766,
              0
            ],
            [
              -60.707712,
              -32.905423,
              0
            ],
            [
              -60.706887,
              -32.905177,
              0
            ],
            [
              -60.706915,
              -32.904934,
              0
            ],
            [
              -60.704168,
              -32.904362,
              0
            ],
            [
              -60.699998,
              -32.903535,
              0
            ],
            [
              -60.701422,
              -32.898917,
              0
            ]
          ]
        ]
      },
      "properties": {
        "description": {
          "@type": "html",
          "value": "descripción: <br>id: 69<br>Sector: 18<br>Sub Zona: 1B<br>Zona: 1"
        },
        "styleUrl": "#poly-0288D1-1200-76",
        "fill-opacity": 0.2980392156862745,
        "fill": "#0288d1",
        "stroke-opacity": 1,
        "stroke": "#0288d1",
        "stroke-width": 1.2,
        "descripción": "",
        "id": "69",
        "Sector": "18",
        "Sub Zona": "1B",
        "Zona": "1",
        "name": "Sector 18 (1B)",
        "fillColor": "#0288d1",
        "color": "#0288d1",
        "fillOpacity": 0.2980392156862745
      }
    },
    {
      "type": "Feature",
      "geometry": {
        "type": "Polygon",
        "coordinates": [
          [
            [
              -60.707712,
              -32.905423,
              0
            ],
            [
              -60.698725,
              -32.91329,
              0
            ],
            [
              -60.693754,
              -32.913133,
              0
            ],
            [
              -60.693828,
              -32.910846,
              0
            ],
            [
              -60.693716,
              -32.909933,
              0
            ],
            [
              -60.693787,
              -32.909262,
              0
            ],
            [
              -60.693902,
              -32.908465,
              0
            ],
            [
              -60.693929,
              -32.908288,
              0
            ],
            [
              -60.693944,
              -32.90812,
              0
            ],
            [
              -60.693987,
              -32.907945,
              0
            ],
            [
              -60.694039,
              -32.907706,
              0
            ],
            [
              -60.694129,
              -32.907386,
              0
            ],
            [
              -60.694219,
              -32.90712,
              0
            ],
            [
              -60.695756,
              -32.902655,
              0
            ],
            [
              -60.699998,
              -32.903535,
              0
            ],
            [
              -60.704168,
              -32.904362,
              0
            ],
            [
              -60.706915,
              -32.904934,
              0
            ],
            [
              -60.706887,
              -32.905177,
              0
            ],
            [
              -60.707712,
              -32.905423,
              0
            ]
          ]
        ]
      },
      "properties": {
        "description": {
          "@type": "html",
          "value": "descripción: <br>id: 70<br>Sector: 19<br>Sub Zona: 1B<br>Zona: 1"
        },
        "styleUrl": "#poly-0288D1-1200-76",
        "fill-opacity": 0.2980392156862745,
        "fill": "#0288d1",
        "stroke-opacity": 1,
        "stroke": "#0288d1",
        "stroke-width": 1.2,
        "descripción": "",
        "id": "70",
        "Sector": "19",
        "Sub Zona": "1B",
        "Zona": "1",
        "name": "Sector 19 (1B)",
        "fillColor": "#0288d1",
        "color": "#0288d1",
        "fillOpacity": 0.2980392156862745
      }
    },
    {
      "type": "Feature",
      "geometry": {
        "type": "Polygon",
        "coordinates": [
          [
            [
              -60.721276,
              -32.879035,
              0
            ],
            [
              -60.722617,
              -32.871844,
              0
            ],
            [
              -60.754074,
              -32.873142,
              0
            ],
            [
              -60.735977,
              -32.88406,
              0
            ],
            [
              -60.72044,
              -32.883497,
              0
            ],
            [
              -60.721276,
              -32.879035,
              0
            ]
          ]
        ]
      },
      "properties": {
        "description": {
          "@type": "html",
          "value": "descripción: <br>id: 71<br>Sector: 20<br>Sub Zona: 1D<br>Zona: 1"
        },
        "styleUrl": "#poly-0288D1-1200-76",
        "fill-opacity": 0.2980392156862745,
        "fill": "#0288d1",
        "stroke-opacity": 1,
        "stroke": "#0288d1",
        "stroke-width": 1.2,
        "descripción": "",
        "id": "71",
        "Sector": "20",
        "Sub Zona": "1D",
        "Zona": "1",
        "name": "Sector 20 (1D)",
        "fillColor": "#0288d1",
        "color": "#0288d1",
        "fillOpacity": 0.2980392156862745
      }
    },
    {
      "type": "Feature",
      "geometry": {
        "type": "Polygon",
        "coordinates": [
          [
            [
              -60.755253,
              -32.87319,
              0
            ],
            [
              -60.754235,
              -32.88469,
              0
            ],
            [
              -60.735977,
              -32.88406,
              0
            ],
            [
              -60.754074,
              -32.873142,
              0
            ],
            [
              -60.755253,
              -32.87319,
              0
            ]
          ]
        ]
      },
      "properties": {
        "description": {
          "@type": "html",
          "value": "descripción: <br>id: 72<br>Sector: 21<br>Sub Zona: 1D<br>Zona: 1"
        },
        "styleUrl": "#poly-0288D1-1200-76",
        "fill-opacity": 0.2980392156862745,
        "fill": "#0288d1",
        "stroke-opacity": 1,
        "stroke": "#0288d1",
        "stroke-width": 1.2,
        "descripción": "",
        "id": "72",
        "Sector": "21",
        "Sub Zona": "1D",
        "Zona": "1",
        "name": "Sector 21 (1D)",
        "fillColor": "#0288d1",
        "color": "#0288d1",
        "fillOpacity": 0.2980392156862745
      }
    },
    {
      "type": "Feature",
      "geometry": {
        "type": "Polygon",
        "coordinates": [
          [
            [
              -60.735977,
              -32.88406,
              0
            ],
            [
              -60.729788,
              -32.887479,
              0
            ],
            [
              -60.72582,
              -32.889763,
              0
            ],
            [
              -60.725006,
              -32.890292,
              0
            ],
            [
              -60.723416,
              -32.891488,
              0
            ],
            [
              -60.722618,
              -32.892539,
              0
            ],
            [
              -60.722179,
              -32.893222,
              0
            ],
            [
              -60.721385,
              -32.894372,
              0
            ],
            [
              -60.720371,
              -32.894338,
              0
            ],
            [
              -60.718754,
              -32.892082,
              0
            ],
            [
              -60.719916,
              -32.887091,
              0
            ],
            [
              -60.72044,
              -32.883497,
              0
            ],
            [
              -60.735977,
              -32.88406,
              0
            ]
          ]
        ]
      },
      "properties": {
        "description": {
          "@type": "html",
          "value": "descripción: <br>id: 73<br>Sector: 22<br>Sub Zona: 1D<br>Zona: 1"
        },
        "styleUrl": "#poly-0288D1-1200-76",
        "fill-opacity": 0.2980392156862745,
        "fill": "#0288d1",
        "stroke-opacity": 1,
        "stroke": "#0288d1",
        "stroke-width": 1.2,
        "descripción": "",
        "id": "73",
        "Sector": "22",
        "Sub Zona": "1D",
        "Zona": "1",
        "name": "Sector 22 (1D)",
        "fillColor": "#0288d1",
        "color": "#0288d1",
        "fillOpacity": 0.2980392156862745
      }
    },
    {
      "type": "Feature",
      "geometry": {
        "type": "Polygon",
        "coordinates": [
          [
            [
              -60.761688,
              -32.891295,
              0
            ],
            [
              -60.725006,
              -32.890292,
              0
            ],
            [
              -60.72582,
              -32.889763,
              0
            ],
            [
              -60.729788,
              -32.887479,
              0
            ],
            [
              -60.735977,
              -32.88406,
              0
            ],
            [
              -60.754235,
              -32.88469,
              0
            ],
            [
              -60.761961,
              -32.884988,
              0
            ],
            [
              -60.761882,
              -32.887159,
              0
            ],
            [
              -60.763806,
              -32.88723,
              0
            ],
            [
              -60.763695,
              -32.888949,
              0
            ],
            [
              -60.761761,
              -32.888882,
              0
            ],
            [
              -60.761688,
              -32.891295,
              0
            ]
          ]
        ]
      },
      "properties": {
        "description": {
          "@type": "html",
          "value": "descripción: <br>id: 74<br>Sector: 23<br>Sub Zona: 1D<br>Zona: 1"
        },
        "styleUrl": "#poly-0288D1-1200-76",
        "fill-opacity": 0.2980392156862745,
        "fill": "#0288d1",
        "stroke-opacity": 1,
        "stroke": "#0288d1",
        "stroke-width": 1.2,
        "descripción": "",
        "id": "74",
        "Sector": "23",
        "Sub Zona": "1D",
        "Zona": "1",
        "name": "Sector 23 (1D)",
        "fillColor": "#0288d1",
        "color": "#0288d1",
        "fillOpacity": 0.2980392156862745
      }
    },
    {
      "type": "Feature",
      "geometry": {
        "type": "Polygon",
        "coordinates": [
          [
            [
              -60.725006,
              -32.890292,
              0
            ],
            [
              -60.761688,
              -32.891295,
              0
            ],
            [
              -60.770853,
              -32.891497,
              0
            ],
            [
              -60.770641,
              -32.896033,
              0
            ],
            [
              -60.747608,
              -32.895259,
              0
            ],
            [
              -60.721385,
              -32.894372,
              0
            ],
            [
              -60.722179,
              -32.893222,
              0
            ],
            [
              -60.722618,
              -32.892539,
              0
            ],
            [
              -60.723416,
              -32.891488,
              0
            ],
            [
              -60.725006,
              -32.890292,
              0
            ]
          ]
        ]
      },
      "properties": {
        "description": {
          "@type": "html",
          "value": "descripción: <br>id: 75<br>Sector: 24<br>Sub Zona: 1D<br>Zona: 1"
        },
        "styleUrl": "#poly-0288D1-1200-76",
        "fill-opacity": 0.2980392156862745,
        "fill": "#0288d1",
        "stroke-opacity": 1,
        "stroke": "#0288d1",
        "stroke-width": 1.2,
        "descripción": "",
        "id": "75",
        "Sector": "24",
        "Sub Zona": "1D",
        "Zona": "1",
        "name": "Sector 24 (1D)",
        "fillColor": "#0288d1",
        "color": "#0288d1",
        "fillOpacity": 0.2980392156862745
      }
    },
    {
      "type": "Feature",
      "geometry": {
        "type": "Polygon",
        "coordinates": [
          [
            [
              -60.770853,
              -32.891497,
              0
            ],
            [
              -60.761688,
              -32.891295,
              0
            ],
            [
              -60.761761,
              -32.888882,
              0
            ],
            [
              -60.763695,
              -32.888949,
              0
            ],
            [
              -60.763806,
              -32.88723,
              0
            ],
            [
              -60.761882,
              -32.887159,
              0
            ],
            [
              -60.761961,
              -32.884988,
              0
            ],
            [
              -60.771142,
              -32.885289,
              0
            ],
            [
              -60.770853,
              -32.891497,
              0
            ]
          ]
        ]
      },
      "properties": {
        "description": {
          "@type": "html",
          "value": "descripción: <br>id: 77<br>Sector: 26<br>Sub Zona: 1D<br>Zona: 1"
        },
        "styleUrl": "#poly-0288D1-1200-76",
        "fill-opacity": 0.2980392156862745,
        "fill": "#0288d1",
        "stroke-opacity": 1,
        "stroke": "#0288d1",
        "stroke-width": 1.2,
        "descripción": "",
        "id": "77",
        "Sector": "26",
        "Sub Zona": "1D",
        "Zona": "1",
        "name": "Sector 26 (1D)",
        "fillColor": "#0288d1",
        "color": "#0288d1",
        "fillOpacity": 0.2980392156862745
      }
    },
    {
      "type": "Feature",
      "geometry": {
        "type": "Polygon",
        "coordinates": [
          [
            [
              -60.720371,
              -32.894338,
              0
            ],
            [
              -60.721385,
              -32.894372,
              0
            ],
            [
              -60.747608,
              -32.895259,
              0
            ],
            [
              -60.747092,
              -32.908691,
              0
            ],
            [
              -60.744933,
              -32.908627,
              0
            ],
            [
              -60.744714,
              -32.908416,
              0
            ],
            [
              -60.741756,
              -32.905643,
              0
            ],
            [
              -60.741631,
              -32.904579,
              0
            ],
            [
              -60.741474,
              -32.903252,
              0
            ],
            [
              -60.741146,
              -32.902845,
              0
            ],
            [
              -60.737891,
              -32.901794,
              0
            ],
            [
              -60.732617,
              -32.900874,
              0
            ],
            [
              -60.728877,
              -32.901301,
              0
            ],
            [
              -60.723854,
              -32.901727,
              0
            ],
            [
              -60.723709,
              -32.900943,
              0
            ],
            [
              -60.723008,
              -32.898826,
              0
            ],
            [
              -60.722171,
              -32.896865,
              0
            ],
            [
              -60.720371,
              -32.894338,
              0
            ]
          ]
        ]
      },
      "properties": {
        "description": {
          "@type": "html",
          "value": "descripción: <br>id: 78<br>Sector: 27<br>Sub Zona: 1C<br>Zona: 1"
        },
        "styleUrl": "#poly-0288D1-1200-76",
        "fill-opacity": 0.2980392156862745,
        "fill": "#0288d1",
        "stroke-opacity": 1,
        "stroke": "#0288d1",
        "stroke-width": 1.2,
        "descripción": "",
        "id": "78",
        "Sector": "27",
        "Sub Zona": "1C",
        "Zona": "1",
        "name": "Sector 27 (1C)",
        "fillColor": "#0288d1",
        "color": "#0288d1",
        "fillOpacity": 0.2980392156862745
      }
    },
    {
      "type": "Feature",
      "geometry": {
        "type": "Polygon",
        "coordinates": [
          [
            [
              -60.751011,
              -32.915766,
              0
            ],
            [
              -60.739569,
              -32.915445,
              0
            ],
            [
              -60.723905,
              -32.915003,
              0
            ],
            [
              -60.723996,
              -32.913781,
              0
            ],
            [
              -60.724449,
              -32.90739,
              0
            ],
            [
              -60.724285,
              -32.904056,
              0
            ],
            [
              -60.723854,
              -32.901727,
              0
            ],
            [
              -60.728877,
              -32.901301,
              0
            ],
            [
              -60.732617,
              -32.900874,
              0
            ],
            [
              -60.737891,
              -32.901794,
              0
            ],
            [
              -60.741146,
              -32.902845,
              0
            ],
            [
              -60.741474,
              -32.903252,
              0
            ],
            [
              -60.741631,
              -32.904579,
              0
            ],
            [
              -60.741756,
              -32.905643,
              0
            ],
            [
              -60.744714,
              -32.908416,
              0
            ],
            [
              -60.744933,
              -32.908627,
              0
            ],
            [
              -60.749015,
              -32.913168,
              0
            ],
            [
              -60.749676,
              -32.914506,
              0
            ],
            [
              -60.749814,
              -32.914755,
              0
            ],
            [
              -60.750845,
              -32.915367,
              0
            ],
            [
              -60.751011,
              -32.915766,
              0
            ]
          ]
        ]
      },
      "properties": {
        "description": {
          "@type": "html",
          "value": "descripción: <br>id: 79<br>Sector: 28<br>Sub Zona: 1C<br>Zona: 1"
        },
        "styleUrl": "#poly-0288D1-1200-76",
        "fill-opacity": 0.2980392156862745,
        "fill": "#0288d1",
        "stroke-opacity": 1,
        "stroke": "#0288d1",
        "stroke-width": 1.2,
        "descripción": "",
        "id": "79",
        "Sector": "28",
        "Sub Zona": "1C",
        "Zona": "1",
        "name": "Sector 28 (1C)",
        "fillColor": "#0288d1",
        "color": "#0288d1",
        "fillOpacity": 0.2980392156862745
      }
    },
    {
      "type": "Feature",
      "geometry": {
        "type": "Polygon",
        "coordinates": [
          [
            [
              -60.770641,
              -32.896033,
              0
            ],
            [
              -60.797102,
              -32.89687,
              0
            ],
            [
              -60.788236,
              -32.908746,
              0
            ],
            [
              -60.782476,
              -32.915488,
              0
            ],
            [
              -60.776125,
              -32.915107,
              0
            ],
            [
              -60.771694,
              -32.915054,
              0
            ],
            [
              -60.76848,
              -32.914989,
              0
            ],
            [
              -60.749676,
              -32.914506,
              0
            ],
            [
              -60.749015,
              -32.913168,
              0
            ],
            [
              -60.744933,
              -32.908627,
              0
            ],
            [
              -60.747092,
              -32.908691,
              0
            ],
            [
              -60.747608,
              -32.895259,
              0
            ],
            [
              -60.770641,
              -32.896033,
              0
            ]
          ]
        ]
      },
      "properties": {
        "description": {
          "@type": "html",
          "value": "descripción: <br>id: 80<br>Sector: 29<br>Sub Zona: 1C<br>Zona: 1"
        },
        "styleUrl": "#poly-0288D1-1200-76",
        "fill-opacity": 0.2980392156862745,
        "fill": "#0288d1",
        "stroke-opacity": 1,
        "stroke": "#0288d1",
        "stroke-width": 1.2,
        "descripción": "",
        "id": "80",
        "Sector": "29",
        "Sub Zona": "1C",
        "Zona": "1",
        "name": "Sector 29 (1C)",
        "fillColor": "#0288d1",
        "color": "#0288d1",
        "fillOpacity": 0.2980392156862745
      }
    },
    {
      "type": "Feature",
      "geometry": {
        "type": "Polygon",
        "coordinates": [
          [
            [
              -60.782476,
              -32.915488,
              0
            ],
            [
              -60.776965,
              -32.921933,
              0
            ],
            [
              -60.77478,
              -32.922486,
              0
            ],
            [
              -60.768475,
              -32.923137,
              0
            ],
            [
              -60.764881,
              -32.923519,
              0
            ],
            [
              -60.761855,
              -32.923798,
              0
            ],
            [
              -60.761716,
              -32.923754,
              0
            ],
            [
              -60.761347,
              -32.923615,
              0
            ],
            [
              -60.76099,
              -32.923372,
              0
            ],
            [
              -60.760701,
              -32.923044,
              0
            ],
            [
              -60.760622,
              -32.922797,
              0
            ],
            [
              -60.760322,
              -32.922412,
              0
            ],
            [
              -60.760285,
              -32.922375,
              0
            ],
            [
              -60.760245,
              -32.922336,
              0
            ],
            [
              -60.760191,
              -32.922282,
              0
            ],
            [
              -60.760141,
              -32.922232,
              0
            ],
            [
              -60.760092,
              -32.922183,
              0
            ],
            [
              -60.760022,
              -32.922114,
              0
            ],
            [
              -60.759886,
              -32.921979,
              0
            ],
            [
              -60.759792,
              -32.921877,
              0
            ],
            [
              -60.759697,
              -32.921774,
              0
            ],
            [
              -60.759604,
              -32.921672,
              0
            ],
            [
              -60.759523,
              -32.921584,
              0
            ],
            [
              -60.759422,
              -32.921485,
              0
            ],
            [
              -60.759387,
              -32.921451,
              0
            ],
            [
              -60.759327,
              -32.921407,
              0
            ],
            [
              -60.759224,
              -32.921334,
              0
            ],
            [
              -60.759053,
              -32.921256,
              0
            ],
            [
              -60.758869,
              -32.921139,
              0
            ],
            [
              -60.758784,
              -32.921085,
              0
            ],
            [
              -60.758467,
              -32.920863,
              0
            ],
            [
              -60.75828,
              -32.920651,
              0
            ],
            [
              -60.758181,
              -32.920506,
              0
            ],
            [
              -60.758039,
              -32.920181,
              0
            ],
            [
              -60.757968,
              -32.920007,
              0
            ],
            [
              -60.757906,
              -32.919924,
              0
            ],
            [
              -60.757787,
              -32.919824,
              0
            ],
            [
              -60.757694,
              -32.919703,
              0
            ],
            [
              -60.757234,
              -32.919361,
              0
            ],
            [
              -60.757057,
              -32.919296,
              0
            ],
            [
              -60.756734,
              -32.919189,
              0
            ],
            [
              -60.756501,
              -32.919156,
              0
            ],
            [
              -60.755355,
              -32.919168,
              0
            ],
            [
              -60.754851,
              -32.919178,
              0
            ],
            [
              -60.754489,
              -32.919144,
              0
            ],
            [
              -60.753537,
              -32.91893,
              0
            ],
            [
              -60.752472,
              -32.918693,
              0
            ],
            [
              -60.751997,
              -32.918403,
              0
            ],
            [
              -60.751768,
              -32.91795,
              0
            ],
            [
              -60.751756,
              -32.917914,
              0
            ],
            [
              -60.751549,
              -32.917252,
              0
            ],
            [
              -60.751109,
              -32.915987,
              0
            ],
            [
              -60.751011,
              -32.915766,
              0
            ],
            [
              -60.750845,
              -32.915367,
              0
            ],
            [
              -60.749814,
              -32.914755,
              0
            ],
            [
              -60.749676,
              -32.914506,
              0
            ],
            [
              -60.76848,
              -32.914989,
              0
            ],
            [
              -60.771694,
              -32.915054,
              0
            ],
            [
              -60.776125,
              -32.915107,
              0
            ],
            [
              -60.782476,
              -32.915488,
              0
            ]
          ]
        ]
      },
      "properties": {
        "description": {
          "@type": "html",
          "value": "descripción: <br>id: 81<br>Sector: 30<br>Sub Zona: 1C<br>Zona: 1"
        },
        "styleUrl": "#poly-0288D1-1200-76",
        "fill-opacity": 0.2980392156862745,
        "fill": "#0288d1",
        "stroke-opacity": 1,
        "stroke": "#0288d1",
        "stroke-width": 1.2,
        "descripción": "",
        "id": "81",
        "Sector": "30",
        "Sub Zona": "1C",
        "Zona": "1",
        "name": "Sector 30 (1C)",
        "fillColor": "#0288d1",
        "color": "#0288d1",
        "fillOpacity": 0.2980392156862745
      }
    },
    {
      "type": "Feature",
      "geometry": {
        "type": "Polygon",
        "coordinates": [
          [
            [
              -60.723892,
              -32.915276,
              0
            ],
            [
              -60.713674,
              -32.91499,
              0
            ],
            [
              -60.704703,
              -32.914755,
              0
            ],
            [
              -60.697293,
              -32.91451,
              0
            ],
            [
              -60.698725,
              -32.91329,
              0
            ],
            [
              -60.707712,
              -32.905423,
              0
            ],
            [
              -60.71303,
              -32.900766,
              0
            ],
            [
              -60.720371,
              -32.894338,
              0
            ],
            [
              -60.722171,
              -32.896865,
              0
            ],
            [
              -60.723008,
              -32.898826,
              0
            ],
            [
              -60.723709,
              -32.900943,
              0
            ],
            [
              -60.723854,
              -32.901727,
              0
            ],
            [
              -60.724285,
              -32.904056,
              0
            ],
            [
              -60.724449,
              -32.90739,
              0
            ],
            [
              -60.723996,
              -32.913781,
              0
            ],
            [
              -60.723905,
              -32.915003,
              0
            ],
            [
              -60.723892,
              -32.915276,
              0
            ]
          ]
        ]
      },
      "properties": {
        "description": {
          "@type": "html",
          "value": "descripción: <br>id: 82<br>Sector: 31<br>Sub Zona: 1J<br>Zona: 1"
        },
        "styleUrl": "#poly-0288D1-1200-76",
        "fill-opacity": 0.2980392156862745,
        "fill": "#0288d1",
        "stroke-opacity": 1,
        "stroke": "#0288d1",
        "stroke-width": 1.2,
        "descripción": "",
        "id": "82",
        "Sector": "31",
        "Sub Zona": "1J",
        "Zona": "1",
        "name": "Sector 31 (1J)",
        "fillColor": "#0288d1",
        "color": "#0288d1",
        "fillOpacity": 0.2980392156862745
      }
    },
    {
      "type": "Feature",
      "geometry": {
        "type": "Polygon",
        "coordinates": [
          [
            [
              -60.685953,
              -32.914284,
              0
            ],
            [
              -60.683031,
              -32.918139,
              0
            ],
            [
              -60.673538,
              -32.917877,
              0
            ],
            [
              -60.672808,
              -32.91498,
              0
            ],
            [
              -60.670574,
              -32.914899,
              0
            ],
            [
              -60.671065,
              -32.914165,
              0
            ],
            [
              -60.671948,
              -32.913475,
              0
            ],
            [
              -60.672538,
              -32.911965,
              0
            ],
            [
              -60.675573,
              -32.911835,
              0
            ],
            [
              -60.675568,
              -32.91223,
              0
            ],
            [
              -60.676145,
              -32.912068,
              0
            ],
            [
              -60.67657,
              -32.912168,
              0
            ],
            [
              -60.676899,
              -32.912187,
              0
            ],
            [
              -60.67738,
              -32.912258,
              0
            ],
            [
              -60.677805,
              -32.912282,
              0
            ],
            [
              -60.678088,
              -32.912334,
              0
            ],
            [
              -60.678779,
              -32.91222,
              0
            ],
            [
              -60.679136,
              -32.912106,
              0
            ],
            [
              -60.679385,
              -32.91193,
              0
            ],
            [
              -60.679765,
              -32.911918,
              0
            ],
            [
              -60.680017,
              -32.911961,
              0
            ],
            [
              -60.680255,
              -32.912137,
              0
            ],
            [
              -60.680362,
              -32.912377,
              0
            ],
            [
              -60.680753,
              -32.912334,
              0
            ],
            [
              -60.681166,
              -32.912339,
              0
            ],
            [
              -60.681705,
              -32.912235,
              0
            ],
            [
              -60.682197,
              -32.912197,
              0
            ],
            [
              -60.682888,
              -32.912263,
              0
            ],
            [
              -60.683245,
              -32.912377,
              0
            ],
            [
              -60.683502,
              -32.912544,
              0
            ],
            [
              -60.683523,
              -32.912558,
              0
            ],
            [
              -60.684027,
              -32.912767,
              0
            ],
            [
              -60.685953,
              -32.914284,
              0
            ]
          ]
        ]
      },
      "properties": {
        "description": {
          "@type": "html",
          "value": "descripción: <br>id: 83<br>Sector: 32<br>Sub Zona: 1M<br>Zona: 1"
        },
        "styleUrl": "#poly-0288D1-1200-76",
        "fill-opacity": 0.2980392156862745,
        "fill": "#0288d1",
        "stroke-opacity": 1,
        "stroke": "#0288d1",
        "stroke-width": 1.2,
        "descripción": "",
        "id": "83",
        "Sector": "32",
        "Sub Zona": "1M",
        "Zona": "1",
        "name": "Sector 32 (1M)",
        "fillColor": "#0288d1",
        "color": "#0288d1",
        "fillOpacity": 0.2980392156862745
      }
    },
    {
      "type": "Feature",
      "geometry": {
        "type": "Polygon",
        "coordinates": [
          [
            [
              -60.672808,
              -32.91498,
              0
            ],
            [
              -60.673538,
              -32.917877,
              0
            ],
            [
              -60.67529,
              -32.924712,
              0
            ],
            [
              -60.662844,
              -32.924508,
              0
            ],
            [
              -60.662133,
              -32.924657,
              0
            ],
            [
              -60.661587,
              -32.92491,
              0
            ],
            [
              -60.661468,
              -32.924502,
              0
            ],
            [
              -60.660709,
              -32.923859,
              0
            ],
            [
              -60.666882,
              -32.920417,
              0
            ],
            [
              -60.670574,
              -32.914899,
              0
            ],
            [
              -60.672808,
              -32.91498,
              0
            ]
          ]
        ]
      },
      "properties": {
        "description": {
          "@type": "html",
          "value": "descripción: <br>id: 84<br>Sector: 33<br>Sub Zona: 1M<br>Zona: 1"
        },
        "styleUrl": "#poly-0288D1-1200-76",
        "fill-opacity": 0.2980392156862745,
        "fill": "#0288d1",
        "stroke-opacity": 1,
        "stroke": "#0288d1",
        "stroke-width": 1.2,
        "descripción": "",
        "id": "84",
        "Sector": "33",
        "Sub Zona": "1M",
        "Zona": "1",
        "name": "Sector 33 (1M)",
        "fillColor": "#0288d1",
        "color": "#0288d1",
        "fillOpacity": 0.2980392156862745
      }
    },
    {
      "type": "Feature",
      "geometry": {
        "type": "Polygon",
        "coordinates": [
          [
            [
              -60.67529,
              -32.924712,
              0
            ],
            [
              -60.67772,
              -32.92478,
              0
            ],
            [
              -60.676224,
              -32.92668,
              0
            ],
            [
              -60.676811,
              -32.928932,
              0
            ],
            [
              -60.677741,
              -32.932562,
              0
            ],
            [
              -60.67169,
              -32.933197,
              0
            ],
            [
              -60.663108,
              -32.931237,
              0
            ],
            [
              -60.662484,
              -32.931001,
              0
            ],
            [
              -60.662084,
              -32.92983,
              0
            ],
            [
              -60.662747,
              -32.929799,
              0
            ],
            [
              -60.663149,
              -32.929499,
              0
            ],
            [
              -60.663312,
              -32.92914,
              0
            ],
            [
              -60.663211,
              -32.92874,
              0
            ],
            [
              -60.66294,
              -32.928433,
              0
            ],
            [
              -60.662569,
              -32.928287,
              0
            ],
            [
              -60.661587,
              -32.92491,
              0
            ],
            [
              -60.662133,
              -32.924657,
              0
            ],
            [
              -60.662844,
              -32.924508,
              0
            ],
            [
              -60.67529,
              -32.924712,
              0
            ]
          ]
        ]
      },
      "properties": {
        "description": {
          "@type": "html",
          "value": "descripción: <br>id: 85<br>Sector: 34<br>Sub Zona: 1M<br>Zona: 1"
        },
        "styleUrl": "#poly-0288D1-1200-76",
        "fill-opacity": 0.2980392156862745,
        "fill": "#0288d1",
        "stroke-opacity": 1,
        "stroke": "#0288d1",
        "stroke-width": 1.2,
        "descripción": "",
        "id": "85",
        "Sector": "34",
        "Sub Zona": "1M",
        "Zona": "1",
        "name": "Sector 34 (1M)",
        "fillColor": "#0288d1",
        "color": "#0288d1",
        "fillOpacity": 0.2980392156862745
      }
    },
    {
      "type": "Feature",
      "geometry": {
        "type": "Polygon",
        "coordinates": [
          [
            [
              -60.683031,
              -32.918139,
              0
            ],
            [
              -60.682024,
              -32.919398,
              0
            ],
            [
              -60.67772,
              -32.92478,
              0
            ],
            [
              -60.67529,
              -32.924712,
              0
            ],
            [
              -60.673538,
              -32.917877,
              0
            ],
            [
              -60.683031,
              -32.918139,
              0
            ]
          ]
        ]
      },
      "properties": {
        "description": {
          "@type": "html",
          "value": "descripción: <br>id: 86<br>Sector: 35<br>Sub Zona: 1M<br>Zona: 1"
        },
        "styleUrl": "#poly-0288D1-1200-76",
        "fill-opacity": 0.2980392156862745,
        "fill": "#0288d1",
        "stroke-opacity": 1,
        "stroke": "#0288d1",
        "stroke-width": 1.2,
        "descripción": "",
        "id": "86",
        "Sector": "35",
        "Sub Zona": "1M",
        "Zona": "1",
        "name": "Sector 35 (1M)",
        "fillColor": "#0288d1",
        "color": "#0288d1",
        "fillOpacity": 0.2980392156862745
      }
    },
    {
      "type": "Feature",
      "geometry": {
        "type": "Polygon",
        "coordinates": [
          [
            [
              -60.698725,
              -32.91329,
              0
            ],
            [
              -60.697293,
              -32.91451,
              0
            ],
            [
              -60.696321,
              -32.915256,
              0
            ],
            [
              -60.695893,
              -32.915753,
              0
            ],
            [
              -60.69527,
              -32.916476,
              0
            ],
            [
              -60.69467,
              -32.917303,
              0
            ],
            [
              -60.694115,
              -32.918321,
              0
            ],
            [
              -60.693853,
              -32.919117,
              0
            ],
            [
              -60.693798,
              -32.919282,
              0
            ],
            [
              -60.693766,
              -32.919381,
              0
            ],
            [
              -60.693727,
              -32.919499,
              0
            ],
            [
              -60.693701,
              -32.91958,
              0
            ],
            [
              -60.693678,
              -32.919647,
              0
            ],
            [
              -60.69367,
              -32.91969,
              0
            ],
            [
              -60.693661,
              -32.919743,
              0
            ],
            [
              -60.693652,
              -32.919791,
              0
            ],
            [
              -60.689233,
              -32.91964,
              0
            ],
            [
              -60.682024,
              -32.919398,
              0
            ],
            [
              -60.683031,
              -32.918139,
              0
            ],
            [
              -60.685953,
              -32.914284,
              0
            ],
            [
              -60.686496,
              -32.914531,
              0
            ],
            [
              -60.686848,
              -32.914008,
              0
            ],
            [
              -60.68717,
              -32.912957,
              0
            ],
            [
              -60.693754,
              -32.913133,
              0
            ],
            [
              -60.698725,
              -32.91329,
              0
            ]
          ]
        ]
      },
      "properties": {
        "description": {
          "@type": "html",
          "value": "descripción: <br>id: 87<br>Sector: 36<br>Sub Zona: 1M<br>Zona: 1"
        },
        "styleUrl": "#poly-0288D1-1200-76",
        "fill-opacity": 0.2980392156862745,
        "fill": "#0288d1",
        "stroke-opacity": 1,
        "stroke": "#0288d1",
        "stroke-width": 1.2,
        "descripción": "",
        "id": "87",
        "Sector": "36",
        "Sub Zona": "1M",
        "Zona": "1",
        "name": "Sector 36 (1M)",
        "fillColor": "#0288d1",
        "color": "#0288d1",
        "fillOpacity": 0.2980392156862745
      }
    },
    {
      "type": "Feature",
      "geometry": {
        "type": "Polygon",
        "coordinates": [
          [
            [
              -60.682024,
              -32.919398,
              0
            ],
            [
              -60.689233,
              -32.91964,
              0
            ],
            [
              -60.688427,
              -32.920619,
              0
            ],
            [
              -60.687882,
              -32.921237,
              0
            ],
            [
              -60.6869,
              -32.92213,
              0
            ],
            [
              -60.686481,
              -32.922128,
              0
            ],
            [
              -60.686185,
              -32.922322,
              0
            ],
            [
              -60.685984,
              -32.922501,
              0
            ],
            [
              -60.684699,
              -32.92344,
              0
            ],
            [
              -60.683924,
              -32.923923,
              0
            ],
            [
              -60.683513,
              -32.924225,
              0
            ],
            [
              -60.682584,
              -32.924941,
              0
            ],
            [
              -60.682197,
              -32.92524,
              0
            ],
            [
              -60.681188,
              -32.926021,
              0
            ],
            [
              -60.679983,
              -32.926941,
              0
            ],
            [
              -60.67866,
              -32.927867,
              0
            ],
            [
              -60.677831,
              -32.928399,
              0
            ],
            [
              -60.677166,
              -32.928839,
              0
            ],
            [
              -60.676811,
              -32.928932,
              0
            ],
            [
              -60.676224,
              -32.92668,
              0
            ],
            [
              -60.67772,
              -32.92478,
              0
            ],
            [
              -60.682024,
              -32.919398,
              0
            ]
          ]
        ]
      },
      "properties": {
        "description": {
          "@type": "html",
          "value": "descripción: <br>id: 88<br>Sector: 37<br>Sub Zona: 1M<br>Zona: 1"
        },
        "styleUrl": "#poly-0288D1-1200-76",
        "fill-opacity": 0.2980392156862745,
        "fill": "#0288d1",
        "stroke-opacity": 1,
        "stroke": "#0288d1",
        "stroke-width": 1.2,
        "descripción": "",
        "id": "88",
        "Sector": "37",
        "Sub Zona": "1M",
        "Zona": "1",
        "name": "Sector 37 (1M)",
        "fillColor": "#0288d1",
        "color": "#0288d1",
        "fillOpacity": 0.2980392156862745
      }
    },
    {
      "type": "Feature",
      "geometry": {
        "type": "Polygon",
        "coordinates": [
          [
            [
              -60.693322,
              -32.925231,
              0
            ],
            [
              -60.682584,
              -32.924941,
              0
            ],
            [
              -60.683513,
              -32.924225,
              0
            ],
            [
              -60.683924,
              -32.923923,
              0
            ],
            [
              -60.684699,
              -32.92344,
              0
            ],
            [
              -60.685984,
              -32.922501,
              0
            ],
            [
              -60.686185,
              -32.922322,
              0
            ],
            [
              -60.686481,
              -32.922128,
              0
            ],
            [
              -60.6869,
              -32.92213,
              0
            ],
            [
              -60.687882,
              -32.921237,
              0
            ],
            [
              -60.688427,
              -32.920619,
              0
            ],
            [
              -60.689233,
              -32.91964,
              0
            ],
            [
              -60.693652,
              -32.919791,
              0
            ],
            [
              -60.693635,
              -32.91988,
              0
            ],
            [
              -60.693614,
              -32.919993,
              0
            ],
            [
              -60.693603,
              -32.920051,
              0
            ],
            [
              -60.69359,
              -32.920122,
              0
            ],
            [
              -60.693572,
              -32.920217,
              0
            ],
            [
              -60.693562,
              -32.920272,
              0
            ],
            [
              -60.693554,
              -32.920316,
              0
            ],
            [
              -60.693542,
              -32.920377,
              0
            ],
            [
              -60.693528,
              -32.920454,
              0
            ],
            [
              -60.693503,
              -32.920589,
              0
            ],
            [
              -60.693476,
              -32.920988,
              0
            ],
            [
              -60.693466,
              -32.921146,
              0
            ],
            [
              -60.693452,
              -32.921351,
              0
            ],
            [
              -60.69344,
              -32.921525,
              0
            ],
            [
              -60.693322,
              -32.925231,
              0
            ]
          ]
        ]
      },
      "properties": {
        "description": {
          "@type": "html",
          "value": "descripción: <br>id: 89<br>Sector: 38<br>Sub Zona: 1M<br>Zona: 1"
        },
        "styleUrl": "#poly-0288D1-1200-76",
        "fill-opacity": 0.2980392156862745,
        "fill": "#0288d1",
        "stroke-opacity": 1,
        "stroke": "#0288d1",
        "stroke-width": 1.2,
        "descripción": "",
        "id": "89",
        "Sector": "38",
        "Sub Zona": "1M",
        "Zona": "1",
        "name": "Sector 38 (1M)",
        "fillColor": "#0288d1",
        "color": "#0288d1",
        "fillOpacity": 0.2980392156862745
      }
    },
    {
      "type": "Feature",
      "geometry": {
        "type": "Polygon",
        "coordinates": [
          [
            [
              -60.693322,
              -32.925231,
              0
            ],
            [
              -60.693116,
              -32.930946,
              0
            ],
            [
              -60.677741,
              -32.932562,
              0
            ],
            [
              -60.676811,
              -32.928932,
              0
            ],
            [
              -60.677166,
              -32.928839,
              0
            ],
            [
              -60.677831,
              -32.928399,
              0
            ],
            [
              -60.67866,
              -32.927867,
              0
            ],
            [
              -60.679983,
              -32.926941,
              0
            ],
            [
              -60.681188,
              -32.926021,
              0
            ],
            [
              -60.682197,
              -32.92524,
              0
            ],
            [
              -60.682584,
              -32.924941,
              0
            ],
            [
              -60.693322,
              -32.925231,
              0
            ]
          ]
        ]
      },
      "properties": {
        "description": {
          "@type": "html",
          "value": "descripción: <br>id: 90<br>Sector: 39<br>Sub Zona: 1M<br>Zona: 1"
        },
        "styleUrl": "#poly-0288D1-1200-76",
        "fill-opacity": 0.2980392156862745,
        "fill": "#0288d1",
        "stroke-opacity": 1,
        "stroke": "#0288d1",
        "stroke-width": 1.2,
        "descripción": "",
        "id": "90",
        "Sector": "39",
        "Sub Zona": "1M",
        "Zona": "1",
        "name": "Sector 39 (1M)",
        "fillColor": "#0288d1",
        "color": "#0288d1",
        "fillOpacity": 0.2980392156862745
      }
    },
    {
      "type": "Feature",
      "geometry": {
        "type": "Polygon",
        "coordinates": [
          [
            [
              -60.693652,
              -32.919791,
              0
            ],
            [
              -60.693661,
              -32.919743,
              0
            ],
            [
              -60.69367,
              -32.91969,
              0
            ],
            [
              -60.693678,
              -32.919647,
              0
            ],
            [
              -60.693701,
              -32.91958,
              0
            ],
            [
              -60.693727,
              -32.919499,
              0
            ],
            [
              -60.693766,
              -32.919381,
              0
            ],
            [
              -60.693798,
              -32.919282,
              0
            ],
            [
              -60.693853,
              -32.919117,
              0
            ],
            [
              -60.694115,
              -32.918321,
              0
            ],
            [
              -60.69467,
              -32.917303,
              0
            ],
            [
              -60.69527,
              -32.916476,
              0
            ],
            [
              -60.695893,
              -32.915753,
              0
            ],
            [
              -60.696321,
              -32.915256,
              0
            ],
            [
              -60.697293,
              -32.91451,
              0
            ],
            [
              -60.704703,
              -32.914755,
              0
            ],
            [
              -60.70449,
              -32.920091,
              0
            ],
            [
              -60.697912,
              -32.919916,
              0
            ],
            [
              -60.693652,
              -32.919791,
              0
            ]
          ]
        ]
      },
      "properties": {
        "description": {
          "@type": "html",
          "value": "descripción: <br>id: 91<br>Sector: 40<br>Sub Zona: 1J<br>Zona: 1"
        },
        "styleUrl": "#poly-0288D1-1200-76",
        "fill-opacity": 0.2980392156862745,
        "fill": "#0288d1",
        "stroke-opacity": 1,
        "stroke": "#0288d1",
        "stroke-width": 1.2,
        "descripción": "",
        "id": "91",
        "Sector": "40",
        "Sub Zona": "1J",
        "Zona": "1",
        "name": "Sector 40 (1J)",
        "fillColor": "#0288d1",
        "color": "#0288d1",
        "fillOpacity": 0.2980392156862745
      }
    },
    {
      "type": "Feature",
      "geometry": {
        "type": "Polygon",
        "coordinates": [
          [
            [
              -60.713674,
              -32.91499,
              0
            ],
            [
              -60.713454,
              -32.919946,
              0
            ],
            [
              -60.713299,
              -32.920064,
              0
            ],
            [
              -60.713196,
              -32.920638,
              0
            ],
            [
              -60.712977,
              -32.920455,
              0
            ],
            [
              -60.708499,
              -32.920307,
              0
            ],
            [
              -60.708665,
              -32.920202,
              0
            ],
            [
              -60.70449,
              -32.920091,
              0
            ],
            [
              -60.704703,
              -32.914755,
              0
            ],
            [
              -60.713674,
              -32.91499,
              0
            ]
          ]
        ]
      },
      "properties": {
        "description": {
          "@type": "html",
          "value": "descripción: <br>id: 92<br>Sector: 41<br>Sub Zona: 1J<br>Zona: 1"
        },
        "styleUrl": "#poly-0288D1-1200-76",
        "fill-opacity": 0.2980392156862745,
        "fill": "#0288d1",
        "stroke-opacity": 1,
        "stroke": "#0288d1",
        "stroke-width": 1.2,
        "descripción": "",
        "id": "92",
        "Sector": "41",
        "Sub Zona": "1J",
        "Zona": "1",
        "name": "Sector 41 (1J)",
        "fillColor": "#0288d1",
        "color": "#0288d1",
        "fillOpacity": 0.2980392156862745
      }
    },
    {
      "type": "Feature",
      "geometry": {
        "type": "Polygon",
        "coordinates": [
          [
            [
              -60.723892,
              -32.915276,
              0
            ],
            [
              -60.72363,
              -32.920731,
              0
            ],
            [
              -60.713805,
              -32.920445,
              0
            ],
            [
              -60.713647,
              -32.920567,
              0
            ],
            [
              -60.713635,
              -32.920656,
              0
            ],
            [
              -60.713196,
              -32.920638,
              0
            ],
            [
              -60.713299,
              -32.920064,
              0
            ],
            [
              -60.713454,
              -32.919946,
              0
            ],
            [
              -60.713674,
              -32.91499,
              0
            ],
            [
              -60.723892,
              -32.915276,
              0
            ]
          ]
        ]
      },
      "properties": {
        "description": {
          "@type": "html",
          "value": "descripción: <br>id: 93<br>Sector: 42<br>Sub Zona: 1J<br>Zona: 1"
        },
        "styleUrl": "#poly-0288D1-1200-76",
        "fill-opacity": 0.2980392156862745,
        "fill": "#0288d1",
        "stroke-opacity": 1,
        "stroke": "#0288d1",
        "stroke-width": 1.2,
        "descripción": "",
        "id": "93",
        "Sector": "42",
        "Sub Zona": "1J",
        "Zona": "1",
        "name": "Sector 42 (1J)",
        "fillColor": "#0288d1",
        "color": "#0288d1",
        "fillOpacity": 0.2980392156862745
      }
    },
    {
      "type": "Feature",
      "geometry": {
        "type": "Polygon",
        "coordinates": [
          [
            [
              -60.693116,
              -32.930946,
              0
            ],
            [
              -60.693322,
              -32.925231,
              0
            ],
            [
              -60.69344,
              -32.921525,
              0
            ],
            [
              -60.693452,
              -32.921351,
              0
            ],
            [
              -60.693466,
              -32.921146,
              0
            ],
            [
              -60.693476,
              -32.920988,
              0
            ],
            [
              -60.693503,
              -32.920589,
              0
            ],
            [
              -60.693528,
              -32.920454,
              0
            ],
            [
              -60.693542,
              -32.920377,
              0
            ],
            [
              -60.693554,
              -32.920316,
              0
            ],
            [
              -60.693562,
              -32.920272,
              0
            ],
            [
              -60.693572,
              -32.920217,
              0
            ],
            [
              -60.69359,
              -32.920122,
              0
            ],
            [
              -60.693603,
              -32.920051,
              0
            ],
            [
              -60.693614,
              -32.919993,
              0
            ],
            [
              -60.693635,
              -32.91988,
              0
            ],
            [
              -60.693652,
              -32.919791,
              0
            ],
            [
              -60.697912,
              -32.919916,
              0
            ],
            [
              -60.697742,
              -32.924037,
              0
            ],
            [
              -60.697361,
              -32.93051,
              0
            ],
            [
              -60.696435,
              -32.930603,
              0
            ],
            [
              -60.694277,
              -32.930827,
              0
            ],
            [
              -60.693788,
              -32.930878,
              0
            ],
            [
              -60.693116,
              -32.930946,
              0
            ]
          ]
        ]
      },
      "properties": {
        "description": {
          "@type": "html",
          "value": "descripción: <br>id: 94<br>Sector: 43<br>Sub Zona: 1J<br>Zona: 1"
        },
        "styleUrl": "#poly-0288D1-1200-76",
        "fill-opacity": 0.2980392156862745,
        "fill": "#0288d1",
        "stroke-opacity": 1,
        "stroke": "#0288d1",
        "stroke-width": 1.2,
        "descripción": "",
        "id": "94",
        "Sector": "43",
        "Sub Zona": "1J",
        "Zona": "1",
        "name": "Sector 43 (1J)",
        "fillColor": "#0288d1",
        "color": "#0288d1",
        "fillOpacity": 0.2980392156862745
      }
    },
    {
      "type": "Feature",
      "geometry": {
        "type": "Polygon",
        "coordinates": [
          [
            [
              -60.697912,
              -32.919916,
              0
            ],
            [
              -60.70449,
              -32.920091,
              0
            ],
            [
              -60.708665,
              -32.920202,
              0
            ],
            [
              -60.708499,
              -32.920307,
              0
            ],
            [
              -60.708253,
              -32.924349,
              0
            ],
            [
              -60.697742,
              -32.924037,
              0
            ],
            [
              -60.697912,
              -32.919916,
              0
            ]
          ]
        ]
      },
      "properties": {
        "description": {
          "@type": "html",
          "value": "descripción: <br>id: 95<br>Sector: 44<br>Sub Zona: 1J<br>Zona: 1"
        },
        "styleUrl": "#poly-0288D1-1200-76",
        "fill-opacity": 0.2980392156862745,
        "fill": "#0288d1",
        "stroke-opacity": 1,
        "stroke": "#0288d1",
        "stroke-width": 1.2,
        "descripción": "",
        "id": "95",
        "Sector": "44",
        "Sub Zona": "1J",
        "Zona": "1",
        "name": "Sector 44 (1J)",
        "fillColor": "#0288d1",
        "color": "#0288d1",
        "fillOpacity": 0.2980392156862745
      }
    },
    {
      "type": "Feature",
      "geometry": {
        "type": "Polygon",
        "coordinates": [
          [
            [
              -60.70823,
              -32.929403,
              0
            ],
            [
              -60.707209,
              -32.929507,
              0
            ],
            [
              -60.706,
              -32.929617,
              0
            ],
            [
              -60.701576,
              -32.930065,
              0
            ],
            [
              -60.698608,
              -32.930383,
              0
            ],
            [
              -60.697544,
              -32.930492,
              0
            ],
            [
              -60.697361,
              -32.93051,
              0
            ],
            [
              -60.697742,
              -32.924037,
              0
            ],
            [
              -60.708253,
              -32.924349,
              0
            ],
            [
              -60.70823,
              -32.929403,
              0
            ]
          ]
        ]
      },
      "properties": {
        "description": {
          "@type": "html",
          "value": "descripción: <br>id: 98<br>Sector: 47<br>Sub Zona: 1J<br>Zona: 1"
        },
        "styleUrl": "#poly-0288D1-1200-76",
        "fill-opacity": 0.2980392156862745,
        "fill": "#0288d1",
        "stroke-opacity": 1,
        "stroke": "#0288d1",
        "stroke-width": 1.2,
        "descripción": "",
        "id": "98",
        "Sector": "47",
        "Sub Zona": "1J",
        "Zona": "1",
        "name": "Sector 47 (1J)",
        "fillColor": "#0288d1",
        "color": "#0288d1",
        "fillOpacity": 0.2980392156862745
      }
    },
    {
      "type": "Feature",
      "geometry": {
        "type": "Polygon",
        "coordinates": [
          [
            [
              -60.713196,
              -32.920638,
              0
            ],
            [
              -60.712932,
              -32.928925,
              0
            ],
            [
              -60.71078,
              -32.929144,
              0
            ],
            [
              -60.70823,
              -32.929403,
              0
            ],
            [
              -60.708253,
              -32.924349,
              0
            ],
            [
              -60.708499,
              -32.920307,
              0
            ],
            [
              -60.712977,
              -32.920455,
              0
            ],
            [
              -60.713196,
              -32.920638,
              0
            ]
          ]
        ]
      },
      "properties": {
        "description": {
          "@type": "html",
          "value": "descripción: <br>id: 96<br>Sector: 45<br>Sub Zona: 1J<br>Zona: 1"
        },
        "styleUrl": "#poly-0288D1-1200-76",
        "fill-opacity": 0.2980392156862745,
        "fill": "#0288d1",
        "stroke-opacity": 1,
        "stroke": "#0288d1",
        "stroke-width": 1.2,
        "descripción": "",
        "id": "96",
        "Sector": "45",
        "Sub Zona": "1J",
        "Zona": "1",
        "name": "Sector 45 (1J)",
        "fillColor": "#0288d1",
        "color": "#0288d1",
        "fillOpacity": 0.2980392156862745
      }
    },
    {
      "type": "Feature",
      "geometry": {
        "type": "Polygon",
        "coordinates": [
          [
            [
              -60.723289,
              -32.927862,
              0
            ],
            [
              -60.720211,
              -32.928176,
              0
            ],
            [
              -60.715493,
              -32.928664,
              0
            ],
            [
              -60.712932,
              -32.928925,
              0
            ],
            [
              -60.713196,
              -32.920638,
              0
            ],
            [
              -60.713635,
              -32.920656,
              0
            ],
            [
              -60.713647,
              -32.920567,
              0
            ],
            [
              -60.713805,
              -32.920445,
              0
            ],
            [
              -60.72363,
              -32.920731,
              0
            ],
            [
              -60.723293,
              -32.927783,
              0
            ],
            [
              -60.723289,
              -32.927846,
              0
            ],
            [
              -60.723289,
              -32.927862,
              0
            ]
          ]
        ]
      },
      "properties": {
        "description": {
          "@type": "html",
          "value": "descripción: <br>id: 97<br>Sector: 46<br>Sub Zona: 1J<br>Zona: 1"
        },
        "styleUrl": "#poly-0288D1-1200-76",
        "fill-opacity": 0.2980392156862745,
        "fill": "#0288d1",
        "stroke-opacity": 1,
        "stroke": "#0288d1",
        "stroke-width": 1.2,
        "descripción": "",
        "id": "97",
        "Sector": "46",
        "Sub Zona": "1J",
        "Zona": "1",
        "name": "Sector 46 (1J)",
        "fillColor": "#0288d1",
        "color": "#0288d1",
        "fillOpacity": 0.2980392156862745
      }
    },
    {
      "type": "Feature",
      "geometry": {
        "type": "Polygon",
        "coordinates": [
          [
            [
              -60.693116,
              -32.930946,
              0
            ],
            [
              -60.693788,
              -32.930878,
              0
            ],
            [
              -60.694014,
              -32.930879,
              0
            ],
            [
              -60.694142,
              -32.930879,
              0
            ],
            [
              -60.694277,
              -32.93088,
              0
            ],
            [
              -60.694334,
              -32.93088,
              0
            ],
            [
              -60.69439,
              -32.930881,
              0
            ],
            [
              -60.694446,
              -32.930881,
              0
            ],
            [
              -60.694516,
              -32.930883,
              0
            ],
            [
              -60.69456,
              -32.930884,
              0
            ],
            [
              -60.694634,
              -32.930893,
              0
            ],
            [
              -60.694707,
              -32.930902,
              0
            ],
            [
              -60.694733,
              -32.930892,
              0
            ],
            [
              -60.694783,
              -32.930898,
              0
            ],
            [
              -60.694856,
              -32.930909,
              0
            ],
            [
              -60.694932,
              -32.930924,
              0
            ],
            [
              -60.695009,
              -32.93094,
              0
            ],
            [
              -60.695084,
              -32.930958,
              0
            ],
            [
              -60.69516,
              -32.930976,
              0
            ],
            [
              -60.695232,
              -32.930994,
              0
            ],
            [
              -60.695303,
              -32.931013,
              0
            ],
            [
              -60.695374,
              -32.931032,
              0
            ],
            [
              -60.695445,
              -32.931052,
              0
            ],
            [
              -60.695526,
              -32.931075,
              0
            ],
            [
              -60.695606,
              -32.931098,
              0
            ],
            [
              -60.695768,
              -32.931146,
              0
            ],
            [
              -60.695846,
              -32.931169,
              0
            ],
            [
              -60.695893,
              -32.931182,
              0
            ],
            [
              -60.695925,
              -32.931192,
              0
            ],
            [
              -60.696003,
              -32.931215,
              0
            ],
            [
              -60.696081,
              -32.931238,
              0
            ],
            [
              -60.696136,
              -32.931255,
              0
            ],
            [
              -60.696191,
              -32.931271,
              0
            ],
            [
              -60.696246,
              -32.931287,
              0
            ],
            [
              -60.696301,
              -32.931304,
              0
            ],
            [
              -60.696405,
              -32.931335,
              0
            ],
            [
              -60.696576,
              -32.931396,
              0
            ],
            [
              -60.696786,
              -32.93148,
              0
            ],
            [
              -60.697,
              -32.931575,
              0
            ],
            [
              -60.697174,
              -32.93166,
              0
            ],
            [
              -60.697346,
              -32.931751,
              0
            ],
            [
              -60.697527,
              -32.931851,
              0
            ],
            [
              -60.697701,
              -32.931956,
              0
            ],
            [
              -60.697911,
              -32.932091,
              0
            ],
            [
              -60.698092,
              -32.932216,
              0
            ],
            [
              -60.698349,
              -32.932399,
              0
            ],
            [
              -60.698416,
              -32.932452,
              0
            ],
            [
              -60.698481,
              -32.932505,
              0
            ],
            [
              -60.698557,
              -32.932567,
              0
            ],
            [
              -60.698633,
              -32.93263,
              0
            ],
            [
              -60.698707,
              -32.932694,
              0
            ],
            [
              -60.698778,
              -32.93276,
              0
            ],
            [
              -60.69883,
              -32.932811,
              0
            ],
            [
              -60.69888,
              -32.932862,
              0
            ],
            [
              -60.69893,
              -32.932915,
              0
            ],
            [
              -60.69898,
              -32.932967,
              0
            ],
            [
              -60.699581,
              -32.933648,
              0
            ],
            [
              -60.700783,
              -32.935022,
              0
            ],
            [
              -60.700828,
              -32.935073,
              0
            ],
            [
              -60.701009,
              -32.935281,
              0
            ],
            [
              -60.692924,
              -32.936881,
              0
            ],
            [
              -60.692932,
              -32.936692,
              0
            ],
            [
              -60.69294,
              -32.936477,
              0
            ],
            [
              -60.692945,
              -32.936341,
              0
            ],
            [
              -60.693116,
              -32.930946,
              0
            ]
          ]
        ]
      },
      "properties": {
        "description": {
          "@type": "html",
          "value": "descripción: <br>id: 99<br>Sector: 48<br>Sub Zona: 1K<br>Zona: 1"
        },
        "styleUrl": "#poly-0288D1-1200-76",
        "fill-opacity": 0.2980392156862745,
        "fill": "#0288d1",
        "stroke-opacity": 1,
        "stroke": "#0288d1",
        "stroke-width": 1.2,
        "descripción": "",
        "id": "99",
        "Sector": "48",
        "Sub Zona": "1K",
        "Zona": "1",
        "name": "Sector 48 (1K)",
        "fillColor": "#0288d1",
        "color": "#0288d1",
        "fillOpacity": 0.2980392156862745
      }
    },
    {
      "type": "Feature",
      "geometry": {
        "type": "Polygon",
        "coordinates": [
          [
            [
              -60.693788,
              -32.930878,
              0
            ],
            [
              -60.694277,
              -32.930827,
              0
            ],
            [
              -60.696435,
              -32.930603,
              0
            ],
            [
              -60.697361,
              -32.93051,
              0
            ],
            [
              -60.697544,
              -32.930492,
              0
            ],
            [
              -60.698608,
              -32.930383,
              0
            ],
            [
              -60.701576,
              -32.930065,
              0
            ],
            [
              -60.706,
              -32.929617,
              0
            ],
            [
              -60.705816,
              -32.934469,
              0
            ],
            [
              -60.701009,
              -32.935281,
              0
            ],
            [
              -60.700828,
              -32.935073,
              0
            ],
            [
              -60.700783,
              -32.935022,
              0
            ],
            [
              -60.699581,
              -32.933648,
              0
            ],
            [
              -60.69898,
              -32.932967,
              0
            ],
            [
              -60.69893,
              -32.932915,
              0
            ],
            [
              -60.69888,
              -32.932862,
              0
            ],
            [
              -60.69883,
              -32.932811,
              0
            ],
            [
              -60.698778,
              -32.93276,
              0
            ],
            [
              -60.698707,
              -32.932694,
              0
            ],
            [
              -60.698633,
              -32.93263,
              0
            ],
            [
              -60.698557,
              -32.932567,
              0
            ],
            [
              -60.698481,
              -32.932505,
              0
            ],
            [
              -60.698416,
              -32.932452,
              0
            ],
            [
              -60.698349,
              -32.932399,
              0
            ],
            [
              -60.698092,
              -32.932216,
              0
            ],
            [
              -60.697911,
              -32.932091,
              0
            ],
            [
              -60.697701,
              -32.931956,
              0
            ],
            [
              -60.697527,
              -32.931851,
              0
            ],
            [
              -60.697346,
              -32.931751,
              0
            ],
            [
              -60.697174,
              -32.93166,
              0
            ],
            [
              -60.697,
              -32.931575,
              0
            ],
            [
              -60.696786,
              -32.93148,
              0
            ],
            [
              -60.696576,
              -32.931396,
              0
            ],
            [
              -60.696405,
              -32.931335,
              0
            ],
            [
              -60.696301,
              -32.931304,
              0
            ],
            [
              -60.696246,
              -32.931287,
              0
            ],
            [
              -60.696191,
              -32.931271,
              0
            ],
            [
              -60.696136,
              -32.931255,
              0
            ],
            [
              -60.696081,
              -32.931238,
              0
            ],
            [
              -60.696003,
              -32.931215,
              0
            ],
            [
              -60.695925,
              -32.931192,
              0
            ],
            [
              -60.695893,
              -32.931182,
              0
            ],
            [
              -60.695846,
              -32.931169,
              0
            ],
            [
              -60.695768,
              -32.931146,
              0
            ],
            [
              -60.695606,
              -32.931098,
              0
            ],
            [
              -60.695526,
              -32.931075,
              0
            ],
            [
              -60.695445,
              -32.931052,
              0
            ],
            [
              -60.695374,
              -32.931032,
              0
            ],
            [
              -60.695303,
              -32.931013,
              0
            ],
            [
              -60.695232,
              -32.930994,
              0
            ],
            [
              -60.69516,
              -32.930976,
              0
            ],
            [
              -60.695084,
              -32.930958,
              0
            ],
            [
              -60.695009,
              -32.93094,
              0
            ],
            [
              -60.694932,
              -32.930924,
              0
            ],
            [
              -60.694856,
              -32.930909,
              0
            ],
            [
              -60.694783,
              -32.930898,
              0
            ],
            [
              -60.694733,
              -32.930892,
              0
            ],
            [
              -60.694707,
              -32.930902,
              0
            ],
            [
              -60.694634,
              -32.930893,
              0
            ],
            [
              -60.69456,
              -32.930884,
              0
            ],
            [
              -60.694516,
              -32.930883,
              0
            ],
            [
              -60.694446,
              -32.930881,
              0
            ],
            [
              -60.69439,
              -32.930881,
              0
            ],
            [
              -60.694334,
              -32.93088,
              0
            ],
            [
              -60.694277,
              -32.93088,
              0
            ],
            [
              -60.694142,
              -32.930879,
              0
            ],
            [
              -60.694014,
              -32.930879,
              0
            ],
            [
              -60.693788,
              -32.930878,
              0
            ]
          ]
        ]
      },
      "properties": {
        "description": {
          "@type": "html",
          "value": "descripción: <br>id: 100<br>Sector: 49<br>Sub Zona: 1K<br>Zona: 1"
        },
        "styleUrl": "#poly-0288D1-1200-76",
        "fill-opacity": 0.2980392156862745,
        "fill": "#0288d1",
        "stroke-opacity": 1,
        "stroke": "#0288d1",
        "stroke-width": 1.2,
        "descripción": "",
        "id": "100",
        "Sector": "49",
        "Sub Zona": "1K",
        "Zona": "1",
        "name": "Sector 49 (1K)",
        "fillColor": "#0288d1",
        "color": "#0288d1",
        "fillOpacity": 0.2980392156862745
      }
    },
    {
      "type": "Feature",
      "geometry": {
        "type": "Polygon",
        "coordinates": [
          [
            [
              -60.712932,
              -32.928925,
              0
            ],
            [
              -60.712781,
              -32.933176,
              0
            ],
            [
              -60.712055,
              -32.933299,
              0
            ],
            [
              -60.711079,
              -32.933477,
              0
            ],
            [
              -60.71072,
              -32.933543,
              0
            ],
            [
              -60.706592,
              -32.93426,
              0
            ],
            [
              -60.705816,
              -32.934469,
              0
            ],
            [
              -60.706,
              -32.929617,
              0
            ],
            [
              -60.707209,
              -32.929507,
              0
            ],
            [
              -60.70823,
              -32.929403,
              0
            ],
            [
              -60.71078,
              -32.929144,
              0
            ],
            [
              -60.712932,
              -32.928925,
              0
            ]
          ]
        ]
      },
      "properties": {
        "description": {
          "@type": "html",
          "value": "descripción: <br>id: 101<br>Sector: 50<br>Sub Zona: 1K<br>Zona: 1"
        },
        "styleUrl": "#poly-0288D1-1200-76",
        "fill-opacity": 0.2980392156862745,
        "fill": "#0288d1",
        "stroke-opacity": 1,
        "stroke": "#0288d1",
        "stroke-width": 1.2,
        "descripción": "",
        "id": "101",
        "Sector": "50",
        "Sub Zona": "1K",
        "Zona": "1",
        "name": "Sector 50 (1K)",
        "fillColor": "#0288d1",
        "color": "#0288d1",
        "fillOpacity": 0.2980392156862745
      }
    },
    {
      "type": "Feature",
      "geometry": {
        "type": "Polygon",
        "coordinates": [
          [
            [
              -60.712781,
              -32.933176,
              0
            ],
            [
              -60.712932,
              -32.928925,
              0
            ],
            [
              -60.715493,
              -32.928664,
              0
            ],
            [
              -60.720211,
              -32.928176,
              0
            ],
            [
              -60.723289,
              -32.927862,
              0
            ],
            [
              -60.722959,
              -32.933604,
              0
            ],
            [
              -60.712767,
              -32.933316,
              0
            ],
            [
              -60.712781,
              -32.933176,
              0
            ]
          ]
        ]
      },
      "properties": {
        "description": {
          "@type": "html",
          "value": "descripción: <br>id: 102<br>Sector: 51<br>Sub Zona: 1K<br>Zona: 1"
        },
        "styleUrl": "#poly-0288D1-1200-76",
        "fill-opacity": 0.2980392156862745,
        "fill": "#0288d1",
        "stroke-opacity": 1,
        "stroke": "#0288d1",
        "stroke-width": 1.2,
        "descripción": "",
        "id": "102",
        "Sector": "51",
        "Sub Zona": "1K",
        "Zona": "1",
        "name": "Sector 51 (1K)",
        "fillColor": "#0288d1",
        "color": "#0288d1",
        "fillOpacity": 0.2980392156862745
      }
    },
    {
      "type": "Feature",
      "geometry": {
        "type": "Polygon",
        "coordinates": [
          [
            [
              -60.692924,
              -32.936881,
              0
            ],
            [
              -60.701009,
              -32.935281,
              0
            ],
            [
              -60.70348,
              -32.937878,
              0
            ],
            [
              -60.705654,
              -32.939734,
              0
            ],
            [
              -60.703187,
              -32.939675,
              0
            ],
            [
              -60.702476,
              -32.939824,
              0
            ],
            [
              -60.692761,
              -32.941858,
              0
            ],
            [
              -60.69289,
              -32.937889,
              0
            ],
            [
              -60.69292,
              -32.93699,
              0
            ],
            [
              -60.692924,
              -32.936881,
              0
            ]
          ]
        ]
      },
      "properties": {
        "description": {
          "@type": "html",
          "value": "descripción: <br>id: 103<br>Sector: 52<br>Sub Zona: 1K<br>Zona: 1"
        },
        "styleUrl": "#poly-0288D1-1200-76",
        "fill-opacity": 0.2980392156862745,
        "fill": "#0288d1",
        "stroke-opacity": 1,
        "stroke": "#0288d1",
        "stroke-width": 1.2,
        "descripción": "",
        "id": "103",
        "Sector": "52",
        "Sub Zona": "1K",
        "Zona": "1",
        "name": "Sector 52 (1K)",
        "fillColor": "#0288d1",
        "color": "#0288d1",
        "fillOpacity": 0.2980392156862745
      }
    },
    {
      "type": "Feature",
      "geometry": {
        "type": "Polygon",
        "coordinates": [
          [
            [
              -60.712767,
              -32.933316,
              0
            ],
            [
              -60.712388,
              -32.939898,
              0
            ],
            [
              -60.705654,
              -32.939734,
              0
            ],
            [
              -60.70348,
              -32.937878,
              0
            ],
            [
              -60.701009,
              -32.935281,
              0
            ],
            [
              -60.705816,
              -32.934469,
              0
            ],
            [
              -60.706592,
              -32.93426,
              0
            ],
            [
              -60.71072,
              -32.933543,
              0
            ],
            [
              -60.711079,
              -32.933477,
              0
            ],
            [
              -60.712055,
              -32.933299,
              0
            ],
            [
              -60.712781,
              -32.933176,
              0
            ],
            [
              -60.712767,
              -32.933316,
              0
            ]
          ]
        ]
      },
      "properties": {
        "description": {
          "@type": "html",
          "value": "descripción: <br>id: 104<br>Sector: 53<br>Sub Zona: 1K<br>Zona: 1"
        },
        "styleUrl": "#poly-0288D1-1200-76",
        "fill-opacity": 0.2980392156862745,
        "fill": "#0288d1",
        "stroke-opacity": 1,
        "stroke": "#0288d1",
        "stroke-width": 1.2,
        "descripción": "",
        "id": "104",
        "Sector": "53",
        "Sub Zona": "1K",
        "Zona": "1",
        "name": "Sector 53 (1K)",
        "fillColor": "#0288d1",
        "color": "#0288d1",
        "fillOpacity": 0.2980392156862745
      }
    },
    {
      "type": "Feature",
      "geometry": {
        "type": "Polygon",
        "coordinates": [
          [
            [
              -60.722959,
              -32.933604,
              0
            ],
            [
              -60.722584,
              -32.940144,
              0
            ],
            [
              -60.721588,
              -32.94012,
              0
            ],
            [
              -60.712388,
              -32.939898,
              0
            ],
            [
              -60.712767,
              -32.933316,
              0
            ],
            [
              -60.722959,
              -32.933604,
              0
            ]
          ]
        ]
      },
      "properties": {
        "description": {
          "@type": "html",
          "value": "descripción: <br>id: 105<br>Sector: 54<br>Sub Zona: 1K<br>Zona: 1"
        },
        "styleUrl": "#poly-0288D1-1200-76",
        "fill-opacity": 0.2980392156862745,
        "fill": "#0288d1",
        "stroke-opacity": 1,
        "stroke": "#0288d1",
        "stroke-width": 1.2,
        "descripción": "",
        "id": "105",
        "Sector": "54",
        "Sub Zona": "1K",
        "Zona": "1",
        "name": "Sector 54 (1K)",
        "fillColor": "#0288d1",
        "color": "#0288d1",
        "fillOpacity": 0.2980392156862745
      }
    },
    {
      "type": "Feature",
      "geometry": {
        "type": "Polygon",
        "coordinates": [
          [
            [
              -60.72363,
              -32.920731,
              0
            ],
            [
              -60.723892,
              -32.915276,
              0
            ],
            [
              -60.723905,
              -32.915003,
              0
            ],
            [
              -60.739569,
              -32.915445,
              0
            ],
            [
              -60.739408,
              -32.921144,
              0
            ],
            [
              -60.72363,
              -32.920731,
              0
            ]
          ]
        ]
      },
      "properties": {
        "description": {
          "@type": "html",
          "value": "descripción: <br>id: 106<br>Sector: 55<br>Sub Zona: 1F<br>Zona: 1"
        },
        "styleUrl": "#poly-0288D1-1200-76",
        "fill-opacity": 0.2980392156862745,
        "fill": "#0288d1",
        "stroke-opacity": 1,
        "stroke": "#0288d1",
        "stroke-width": 1.2,
        "descripción": "",
        "id": "106",
        "Sector": "55",
        "Sub Zona": "1F",
        "Zona": "1",
        "name": "Sector 55 (1F)",
        "fillColor": "#0288d1",
        "color": "#0288d1",
        "fillOpacity": 0.2980392156862745
      }
    },
    {
      "type": "Feature",
      "geometry": {
        "type": "Polygon",
        "coordinates": [
          [
            [
              -60.739408,
              -32.921144,
              0
            ],
            [
              -60.7393,
              -32.923604,
              0
            ],
            [
              -60.740142,
              -32.924359,
              0
            ],
            [
              -60.740122,
              -32.924648,
              0
            ],
            [
              -60.739234,
              -32.925344,
              0
            ],
            [
              -60.739184,
              -32.926199,
              0
            ],
            [
              -60.729884,
              -32.927144,
              0
            ],
            [
              -60.729731,
              -32.927161,
              0
            ],
            [
              -60.727612,
              -32.927397,
              0
            ],
            [
              -60.72502,
              -32.927652,
              0
            ],
            [
              -60.723289,
              -32.927862,
              0
            ],
            [
              -60.723289,
              -32.927846,
              0
            ],
            [
              -60.723293,
              -32.927783,
              0
            ],
            [
              -60.72363,
              -32.920731,
              0
            ],
            [
              -60.739408,
              -32.921144,
              0
            ]
          ]
        ]
      },
      "properties": {
        "description": {
          "@type": "html",
          "value": "descripción: <br>id: 107<br>Sector: 56<br>Sub Zona: 1F<br>Zona: 1"
        },
        "styleUrl": "#poly-0288D1-1200-76",
        "fill-opacity": 0.2980392156862745,
        "fill": "#0288d1",
        "stroke-opacity": 1,
        "stroke": "#0288d1",
        "stroke-width": 1.2,
        "descripción": "",
        "id": "107",
        "Sector": "56",
        "Sub Zona": "1F",
        "Zona": "1",
        "name": "Sector 56 (1F)",
        "fillColor": "#0288d1",
        "color": "#0288d1",
        "fillOpacity": 0.2980392156862745
      }
    },
    {
      "type": "Feature",
      "geometry": {
        "type": "Polygon",
        "coordinates": [
          [
            [
              -60.729147,
              -32.940432,
              0
            ],
            [
              -60.722584,
              -32.940144,
              0
            ],
            [
              -60.722959,
              -32.933604,
              0
            ],
            [
              -60.723289,
              -32.927862,
              0
            ],
            [
              -60.72502,
              -32.927652,
              0
            ],
            [
              -60.727612,
              -32.927397,
              0
            ],
            [
              -60.729731,
              -32.927161,
              0
            ],
            [
              -60.729462,
              -32.933769,
              0
            ],
            [
              -60.729147,
              -32.940432,
              0
            ]
          ]
        ]
      },
      "properties": {
        "description": {
          "@type": "html",
          "value": "descripción: <br>id: 108<br>Sector: 57<br>Sub Zona: 1E<br>Zona: 1"
        },
        "styleUrl": "#poly-0288D1-1200-76",
        "fill-opacity": 0.2980392156862745,
        "fill": "#0288d1",
        "stroke-opacity": 1,
        "stroke": "#0288d1",
        "stroke-width": 1.2,
        "descripción": "",
        "id": "108",
        "Sector": "57",
        "Sub Zona": "1E",
        "Zona": "1",
        "name": "Sector 57 (1E)",
        "fillColor": "#0288d1",
        "color": "#0288d1",
        "fillOpacity": 0.2980392156862745
      }
    },
    {
      "type": "Feature",
      "geometry": {
        "type": "Polygon",
        "coordinates": [
          [
            [
              -60.739184,
              -32.926199,
              0
            ],
            [
              -60.738909,
              -32.933923,
              0
            ],
            [
              -60.738568,
              -32.933926,
              0
            ],
            [
              -60.738576,
              -32.934015,
              0
            ],
            [
              -60.729462,
              -32.933769,
              0
            ],
            [
              -60.729731,
              -32.927161,
              0
            ],
            [
              -60.729884,
              -32.927144,
              0
            ],
            [
              -60.739184,
              -32.926199,
              0
            ]
          ]
        ]
      },
      "properties": {
        "description": {
          "@type": "html",
          "value": "descripción: <br>id: 109<br>Sector: 58<br>Sub Zona: 1E<br>Zona: 1"
        },
        "styleUrl": "#poly-0288D1-1200-76",
        "fill-opacity": 0.2980392156862745,
        "fill": "#0288d1",
        "stroke-opacity": 1,
        "stroke": "#0288d1",
        "stroke-width": 1.2,
        "descripción": "",
        "id": "109",
        "Sector": "58",
        "Sub Zona": "1E",
        "Zona": "1",
        "name": "Sector 58 (1E)",
        "fillColor": "#0288d1",
        "color": "#0288d1",
        "fillOpacity": 0.2980392156862745
      }
    },
    {
      "type": "Feature",
      "geometry": {
        "type": "Polygon",
        "coordinates": [
          [
            [
              -60.738909,
              -32.933923,
              0
            ],
            [
              -60.738821,
              -32.935908,
              0
            ],
            [
              -60.738635,
              -32.940121,
              0
            ],
            [
              -60.735329,
              -32.939995,
              0
            ],
            [
              -60.73009,
              -32.939795,
              0
            ],
            [
              -60.730054,
              -32.940472,
              0
            ],
            [
              -60.729147,
              -32.940432,
              0
            ],
            [
              -60.729462,
              -32.933769,
              0
            ],
            [
              -60.738576,
              -32.934015,
              0
            ],
            [
              -60.738568,
              -32.933926,
              0
            ],
            [
              -60.738909,
              -32.933923,
              0
            ]
          ]
        ]
      },
      "properties": {
        "description": {
          "@type": "html",
          "value": "descripción: <br>id: 110<br>Sector: 59<br>Sub Zona: 1E<br>Zona: 1"
        },
        "styleUrl": "#poly-0288D1-1200-76",
        "fill-opacity": 0.2980392156862745,
        "fill": "#0288d1",
        "stroke-opacity": 1,
        "stroke": "#0288d1",
        "stroke-width": 1.2,
        "descripción": "",
        "id": "110",
        "Sector": "59",
        "Sub Zona": "1E",
        "Zona": "1",
        "name": "Sector 59 (1E)",
        "fillColor": "#0288d1",
        "color": "#0288d1",
        "fillOpacity": 0.2980392156862745
      }
    },
    {
      "type": "Feature",
      "geometry": {
        "type": "Polygon",
        "coordinates": [
          [
            [
              -60.739184,
              -32.926199,
              0
            ],
            [
              -60.739234,
              -32.925344,
              0
            ],
            [
              -60.740122,
              -32.924648,
              0
            ],
            [
              -60.740142,
              -32.924359,
              0
            ],
            [
              -60.7393,
              -32.923604,
              0
            ],
            [
              -60.739408,
              -32.921144,
              0
            ],
            [
              -60.739569,
              -32.915445,
              0
            ],
            [
              -60.751011,
              -32.915766,
              0
            ],
            [
              -60.751109,
              -32.915987,
              0
            ],
            [
              -60.751549,
              -32.917252,
              0
            ],
            [
              -60.751756,
              -32.917914,
              0
            ],
            [
              -60.751768,
              -32.91795,
              0
            ],
            [
              -60.751997,
              -32.918403,
              0
            ],
            [
              -60.752472,
              -32.918693,
              0
            ],
            [
              -60.753537,
              -32.91893,
              0
            ],
            [
              -60.754489,
              -32.919144,
              0
            ],
            [
              -60.754851,
              -32.919178,
              0
            ],
            [
              -60.755355,
              -32.919168,
              0
            ],
            [
              -60.756501,
              -32.919156,
              0
            ],
            [
              -60.756734,
              -32.919189,
              0
            ],
            [
              -60.757057,
              -32.919296,
              0
            ],
            [
              -60.757234,
              -32.919361,
              0
            ],
            [
              -60.757694,
              -32.919703,
              0
            ],
            [
              -60.757787,
              -32.919824,
              0
            ],
            [
              -60.757906,
              -32.919924,
              0
            ],
            [
              -60.757968,
              -32.920007,
              0
            ],
            [
              -60.758039,
              -32.920181,
              0
            ],
            [
              -60.758181,
              -32.920506,
              0
            ],
            [
              -60.75828,
              -32.920651,
              0
            ],
            [
              -60.758467,
              -32.920863,
              0
            ],
            [
              -60.758784,
              -32.921085,
              0
            ],
            [
              -60.758869,
              -32.921139,
              0
            ],
            [
              -60.759053,
              -32.921256,
              0
            ],
            [
              -60.759224,
              -32.921334,
              0
            ],
            [
              -60.759327,
              -32.921407,
              0
            ],
            [
              -60.759387,
              -32.921451,
              0
            ],
            [
              -60.759422,
              -32.921485,
              0
            ],
            [
              -60.759523,
              -32.921584,
              0
            ],
            [
              -60.759604,
              -32.921672,
              0
            ],
            [
              -60.759697,
              -32.921774,
              0
            ],
            [
              -60.759792,
              -32.921877,
              0
            ],
            [
              -60.759886,
              -32.921979,
              0
            ],
            [
              -60.760022,
              -32.922114,
              0
            ],
            [
              -60.760092,
              -32.922183,
              0
            ],
            [
              -60.760141,
              -32.922232,
              0
            ],
            [
              -60.760191,
              -32.922282,
              0
            ],
            [
              -60.760245,
              -32.922336,
              0
            ],
            [
              -60.760285,
              -32.922375,
              0
            ],
            [
              -60.760322,
              -32.922412,
              0
            ],
            [
              -60.760622,
              -32.922797,
              0
            ],
            [
              -60.760701,
              -32.923044,
              0
            ],
            [
              -60.76099,
              -32.923372,
              0
            ],
            [
              -60.761347,
              -32.923615,
              0
            ],
            [
              -60.761716,
              -32.923754,
              0
            ],
            [
              -60.761855,
              -32.923798,
              0
            ],
            [
              -60.761162,
              -32.923982,
              0
            ],
            [
              -60.758855,
              -32.924215,
              0
            ],
            [
              -60.75067,
              -32.925038,
              0
            ],
            [
              -60.747279,
              -32.925386,
              0
            ],
            [
              -60.746074,
              -32.925512,
              0
            ],
            [
              -60.744962,
              -32.92562,
              0
            ],
            [
              -60.740582,
              -32.926057,
              0
            ],
            [
              -60.739184,
              -32.926199,
              0
            ]
          ]
        ]
      },
      "properties": {
        "description": {
          "@type": "html",
          "value": "descripción: <br>id: 111<br>Sector: 60<br>Sub Zona: 1F<br>Zona: 1"
        },
        "styleUrl": "#poly-0288D1-1200-76",
        "fill-opacity": 0.2980392156862745,
        "fill": "#0288d1",
        "stroke-opacity": 1,
        "stroke": "#0288d1",
        "stroke-width": 1.2,
        "descripción": "",
        "id": "111",
        "Sector": "60",
        "Sub Zona": "1F",
        "Zona": "1",
        "name": "Sector 60 (1F)",
        "fillColor": "#0288d1",
        "color": "#0288d1",
        "fillOpacity": 0.2980392156862745
      }
    },
    {
      "type": "Feature",
      "geometry": {
        "type": "Polygon",
        "coordinates": [
          [
            [
              -60.739184,
              -32.926199,
              0
            ],
            [
              -60.740582,
              -32.926057,
              0
            ],
            [
              -60.744962,
              -32.92562,
              0
            ],
            [
              -60.746074,
              -32.925512,
              0
            ],
            [
              -60.747279,
              -32.925386,
              0
            ],
            [
              -60.75067,
              -32.925038,
              0
            ],
            [
              -60.758855,
              -32.924215,
              0
            ],
            [
              -60.758986,
              -32.92547,
              0
            ],
            [
              -60.759252,
              -32.927398,
              0
            ],
            [
              -60.75895,
              -32.934362,
              0
            ],
            [
              -60.757855,
              -32.934481,
              0
            ],
            [
              -60.738909,
              -32.933923,
              0
            ],
            [
              -60.739184,
              -32.926199,
              0
            ]
          ]
        ]
      },
      "properties": {
        "description": {
          "@type": "html",
          "value": "descripción: <br>id: 112<br>Sector: 61<br>Sub Zona: 1E<br>Zona: 1"
        },
        "styleUrl": "#poly-0288D1-1200-76",
        "fill-opacity": 0.2980392156862745,
        "fill": "#0288d1",
        "stroke-opacity": 1,
        "stroke": "#0288d1",
        "stroke-width": 1.2,
        "descripción": "",
        "id": "112",
        "Sector": "61",
        "Sub Zona": "1E",
        "Zona": "1",
        "name": "Sector 61 (1E)",
        "fillColor": "#0288d1",
        "color": "#0288d1",
        "fillOpacity": 0.2980392156862745
      }
    },
    {
      "type": "Feature",
      "geometry": {
        "type": "Polygon",
        "coordinates": [
          [
            [
              -60.738909,
              -32.933923,
              0
            ],
            [
              -60.757855,
              -32.934481,
              0
            ],
            [
              -60.75895,
              -32.934362,
              0
            ],
            [
              -60.759252,
              -32.927398,
              0
            ],
            [
              -60.758986,
              -32.92547,
              0
            ],
            [
              -60.758855,
              -32.924215,
              0
            ],
            [
              -60.761162,
              -32.923982,
              0
            ],
            [
              -60.761855,
              -32.923798,
              0
            ],
            [
              -60.76216,
              -32.92457,
              0
            ],
            [
              -60.762718,
              -32.925147,
              0
            ],
            [
              -60.763062,
              -32.925451,
              0
            ],
            [
              -60.763458,
              -32.926018,
              0
            ],
            [
              -60.763751,
              -32.926226,
              0
            ],
            [
              -60.764814,
              -32.926818,
              0
            ],
            [
              -60.765326,
              -32.926899,
              0
            ],
            [
              -60.765762,
              -32.927124,
              0
            ],
            [
              -60.765914,
              -32.927539,
              0
            ],
            [
              -60.766108,
              -32.929337,
              0
            ],
            [
              -60.766078,
              -32.930841,
              0
            ],
            [
              -60.766237,
              -32.931126,
              0
            ],
            [
              -60.766712,
              -32.931903,
              0
            ],
            [
              -60.768279,
              -32.933127,
              0
            ],
            [
              -60.768812,
              -32.933928,
              0
            ],
            [
              -60.768908,
              -32.93601,
              0
            ],
            [
              -60.769731,
              -32.936569,
              0
            ],
            [
              -60.769732,
              -32.936725,
              0
            ],
            [
              -60.769106,
              -32.936686,
              0
            ],
            [
              -60.769105,
              -32.936905,
              0
            ],
            [
              -60.738821,
              -32.935908,
              0
            ],
            [
              -60.738909,
              -32.933923,
              0
            ]
          ]
        ]
      },
      "properties": {
        "description": {
          "@type": "html",
          "value": "descripción: <br>id: 113<br>Sector: 62<br>Sub Zona: 1E<br>Zona: 1"
        },
        "styleUrl": "#poly-0288D1-1200-76",
        "fill-opacity": 0.2980392156862745,
        "fill": "#0288d1",
        "stroke-opacity": 1,
        "stroke": "#0288d1",
        "stroke-width": 1.2,
        "descripción": "",
        "id": "113",
        "Sector": "62",
        "Sub Zona": "1E",
        "Zona": "1",
        "name": "Sector 62 (1E)",
        "fillColor": "#0288d1",
        "color": "#0288d1",
        "fillOpacity": 0.2980392156862745
      }
    },
    {
      "type": "Feature",
      "geometry": {
        "type": "Polygon",
        "coordinates": [
          [
            [
              -60.738821,
              -32.935908,
              0
            ],
            [
              -60.769105,
              -32.936905,
              0
            ],
            [
              -60.769104,
              -32.937298,
              0
            ],
            [
              -60.770477,
              -32.937326,
              0
            ],
            [
              -60.770906,
              -32.938023,
              0
            ],
            [
              -60.773727,
              -32.939131,
              0
            ],
            [
              -60.774439,
              -32.939673,
              0
            ],
            [
              -60.774089,
              -32.941206,
              0
            ],
            [
              -60.761106,
              -32.941049,
              0
            ],
            [
              -60.751885,
              -32.940807,
              0
            ],
            [
              -60.73882,
              -32.940464,
              0
            ],
            [
              -60.738818,
              -32.940128,
              0
            ],
            [
              -60.738635,
              -32.940121,
              0
            ],
            [
              -60.738821,
              -32.935908,
              0
            ]
          ]
        ]
      },
      "properties": {
        "description": {
          "@type": "html",
          "value": "descripción: <br>id: 114<br>Sector: 63<br>Sub Zona: 1E<br>Zona: 1"
        },
        "styleUrl": "#poly-0288D1-1200-76",
        "fill-opacity": 0.2980392156862745,
        "fill": "#0288d1",
        "stroke-opacity": 1,
        "stroke": "#0288d1",
        "stroke-width": 1.2,
        "descripción": "",
        "id": "114",
        "Sector": "63",
        "Sub Zona": "1E",
        "Zona": "1",
        "name": "Sector 63 (1E)",
        "fillColor": "#0288d1",
        "color": "#0288d1",
        "fillOpacity": 0.2980392156862745
      }
    },
    {
      "type": "Feature",
      "geometry": {
        "type": "Polygon",
        "coordinates": [
          [
            [
              -60.692761,
              -32.941858,
              0
            ],
            [
              -60.702476,
              -32.939824,
              0
            ],
            [
              -60.702063,
              -32.948156,
              0
            ],
            [
              -60.701975,
              -32.948154,
              0
            ],
            [
              -60.692565,
              -32.94785,
              0
            ],
            [
              -60.692575,
              -32.94747,
              0
            ],
            [
              -60.692602,
              -32.946677,
              0
            ],
            [
              -60.692616,
              -32.946272,
              0
            ],
            [
              -60.692753,
              -32.942156,
              0
            ],
            [
              -60.692754,
              -32.942128,
              0
            ],
            [
              -60.69276,
              -32.941944,
              0
            ],
            [
              -60.692761,
              -32.941858,
              0
            ]
          ]
        ]
      },
      "properties": {
        "description": {
          "@type": "html",
          "value": "descripción: <br>id: 115<br>Sector: 64<br>Sub Zona: 1L<br>Zona: 1"
        },
        "styleUrl": "#poly-0288D1-1200-76",
        "fill-opacity": 0.2980392156862745,
        "fill": "#0288d1",
        "stroke-opacity": 1,
        "stroke": "#0288d1",
        "stroke-width": 1.2,
        "descripción": "",
        "id": "115",
        "Sector": "64",
        "Sub Zona": "1L",
        "Zona": "1",
        "name": "Sector 64 (1L)",
        "fillColor": "#0288d1",
        "color": "#0288d1",
        "fillOpacity": 0.2980392156862745
      }
    },
    {
      "type": "Feature",
      "geometry": {
        "type": "Polygon",
        "coordinates": [
          [
            [
              -60.712067,
              -32.948365,
              0
            ],
            [
              -60.70214,
              -32.948158,
              0
            ],
            [
              -60.702063,
              -32.948156,
              0
            ],
            [
              -60.702476,
              -32.939824,
              0
            ],
            [
              -60.703187,
              -32.939675,
              0
            ],
            [
              -60.705654,
              -32.939734,
              0
            ],
            [
              -60.712388,
              -32.939898,
              0
            ],
            [
              -60.712067,
              -32.948365,
              0
            ]
          ]
        ]
      },
      "properties": {
        "description": {
          "@type": "html",
          "value": "descripción: <br>id: 116<br>Sector: 65<br>Sub Zona: 1L<br>Zona: 1"
        },
        "styleUrl": "#poly-0288D1-1200-76",
        "fill-opacity": 0.2980392156862745,
        "fill": "#0288d1",
        "stroke-opacity": 1,
        "stroke": "#0288d1",
        "stroke-width": 1.2,
        "descripción": "",
        "id": "116",
        "Sector": "65",
        "Sub Zona": "1L",
        "Zona": "1",
        "name": "Sector 65 (1L)",
        "fillColor": "#0288d1",
        "color": "#0288d1",
        "fillOpacity": 0.2980392156862745
      }
    },
    {
      "type": "Feature",
      "geometry": {
        "type": "Polygon",
        "coordinates": [
          [
            [
              -60.712067,
              -32.948365,
              0
            ],
            [
              -60.712388,
              -32.939898,
              0
            ],
            [
              -60.721588,
              -32.94012,
              0
            ],
            [
              -60.721309,
              -32.94849,
              0
            ],
            [
              -60.720542,
              -32.94848,
              0
            ],
            [
              -60.719877,
              -32.948408,
              0
            ],
            [
              -60.71803,
              -32.948526,
              0
            ],
            [
              -60.716055,
              -32.948473,
              0
            ],
            [
              -60.712145,
              -32.948367,
              0
            ],
            [
              -60.712067,
              -32.948365,
              0
            ]
          ]
        ]
      },
      "properties": {
        "description": {
          "@type": "html",
          "value": "descripción: <br>id: 117<br>Sector: 66<br>Sub Zona: 1L<br>Zona: 1"
        },
        "styleUrl": "#poly-0288D1-1200-76",
        "fill-opacity": 0.2980392156862745,
        "fill": "#0288d1",
        "stroke-opacity": 1,
        "stroke": "#0288d1",
        "stroke-width": 1.2,
        "descripción": "",
        "id": "117",
        "Sector": "66",
        "Sub Zona": "1L",
        "Zona": "1",
        "name": "Sector 66 (1L)",
        "fillColor": "#0288d1",
        "color": "#0288d1",
        "fillOpacity": 0.2980392156862745
      }
    },
    {
      "type": "Feature",
      "geometry": {
        "type": "Polygon",
        "coordinates": [
          [
            [
              -60.721588,
              -32.94012,
              0
            ],
            [
              -60.722584,
              -32.940144,
              0
            ],
            [
              -60.729147,
              -32.940432,
              0
            ],
            [
              -60.730054,
              -32.940472,
              0
            ],
            [
              -60.73009,
              -32.939795,
              0
            ],
            [
              -60.735329,
              -32.939995,
              0
            ],
            [
              -60.735653,
              -32.949108,
              0
            ],
            [
              -60.735256,
              -32.949078,
              0
            ],
            [
              -60.734,
              -32.949026,
              0
            ],
            [
              -60.732432,
              -32.949011,
              0
            ],
            [
              -60.731293,
              -32.949066,
              0
            ],
            [
              -60.730519,
              -32.949064,
              0
            ],
            [
              -60.7293,
              -32.949059,
              0
            ],
            [
              -60.728255,
              -32.949026,
              0
            ],
            [
              -60.72643,
              -32.948976,
              0
            ],
            [
              -60.724341,
              -32.948767,
              0
            ],
            [
              -60.722055,
              -32.948499,
              0
            ],
            [
              -60.721309,
              -32.94849,
              0
            ],
            [
              -60.721588,
              -32.94012,
              0
            ]
          ]
        ]
      },
      "properties": {
        "description": {
          "@type": "html",
          "value": "descripción: <br>id: 118<br>Sector: 67<br>Sub Zona: 1L<br>Zona: 1"
        },
        "styleUrl": "#poly-0288D1-1200-76",
        "fill-opacity": 0.2980392156862745,
        "fill": "#0288d1",
        "stroke-opacity": 1,
        "stroke": "#0288d1",
        "stroke-width": 1.2,
        "descripción": "",
        "id": "118",
        "Sector": "67",
        "Sub Zona": "1L",
        "Zona": "1",
        "name": "Sector 67 (1L)",
        "fillColor": "#0288d1",
        "color": "#0288d1",
        "fillOpacity": 0.2980392156862745
      }
    },
    {
      "type": "Feature",
      "geometry": {
        "type": "Polygon",
        "coordinates": [
          [
            [
              -60.751479,
              -32.948183,
              0
            ],
            [
              -60.750598,
              -32.948115,
              0
            ],
            [
              -60.749117,
              -32.948,
              0
            ],
            [
              -60.746356,
              -32.948446,
              0
            ],
            [
              -60.74628,
              -32.948459,
              0
            ],
            [
              -60.743153,
              -32.94899,
              0
            ],
            [
              -60.741652,
              -32.949163,
              0
            ],
            [
              -60.740474,
              -32.949312,
              0
            ],
            [
              -60.738101,
              -32.949291,
              0
            ],
            [
              -60.736313,
              -32.949157,
              0
            ],
            [
              -60.735653,
              -32.949108,
              0
            ],
            [
              -60.735329,
              -32.939995,
              0
            ],
            [
              -60.738635,
              -32.940121,
              0
            ],
            [
              -60.738818,
              -32.940128,
              0
            ],
            [
              -60.73882,
              -32.940464,
              0
            ],
            [
              -60.751885,
              -32.940807,
              0
            ],
            [
              -60.751479,
              -32.948183,
              0
            ]
          ]
        ]
      },
      "properties": {
        "description": {
          "@type": "html",
          "value": "descripción: <br>id: 119<br>Sector: 68<br>Sub Zona: 1L<br>Zona: 1"
        },
        "styleUrl": "#poly-0288D1-1200-76",
        "fill-opacity": 0.2980392156862745,
        "fill": "#0288d1",
        "stroke-opacity": 1,
        "stroke": "#0288d1",
        "stroke-width": 1.2,
        "descripción": "",
        "id": "119",
        "Sector": "68",
        "Sub Zona": "1L",
        "Zona": "1",
        "name": "Sector 68 (1L)",
        "fillColor": "#0288d1",
        "color": "#0288d1",
        "fillOpacity": 0.2980392156862745
      }
    },
    {
      "type": "Feature",
      "geometry": {
        "type": "Polygon",
        "coordinates": [
          [
            [
              -60.751885,
              -32.940807,
              0
            ],
            [
              -60.761106,
              -32.941049,
              0
            ],
            [
              -60.774089,
              -32.941206,
              0
            ],
            [
              -60.777654,
              -32.945133,
              0
            ],
            [
              -60.778247,
              -32.94517,
              0
            ],
            [
              -60.781335,
              -32.946771,
              0
            ],
            [
              -60.781842,
              -32.946853,
              0
            ],
            [
              -60.782232,
              -32.947584,
              0
            ],
            [
              -60.783411,
              -32.948307,
              0
            ],
            [
              -60.78358,
              -32.949056,
              0
            ],
            [
              -60.783198,
              -32.949315,
              0
            ],
            [
              -60.757545,
              -32.948651,
              0
            ],
            [
              -60.752208,
              -32.948239,
              0
            ],
            [
              -60.751479,
              -32.948183,
              0
            ],
            [
              -60.751885,
              -32.940807,
              0
            ]
          ]
        ]
      },
      "properties": {
        "description": {
          "@type": "html",
          "value": "descripción: <br>id: 120<br>Sector: 69<br>Sub Zona: 1L<br>Zona: 1"
        },
        "styleUrl": "#poly-0288D1-1200-76",
        "fill-opacity": 0.2980392156862745,
        "fill": "#0288d1",
        "stroke-opacity": 1,
        "stroke": "#0288d1",
        "stroke-width": 1.2,
        "descripción": "",
        "id": "120",
        "Sector": "69",
        "Sub Zona": "1L",
        "Zona": "1",
        "name": "Sector 69 (1L)",
        "fillColor": "#0288d1",
        "color": "#0288d1",
        "fillOpacity": 0.2980392156862745
      }
    },
    {
      "type": "Feature",
      "geometry": {
        "type": "Polygon",
        "coordinates": [
          [
            [
              -60.649545,
              -32.929893,
              0
            ],
            [
              -60.651391,
              -32.936678,
              0
            ],
            [
              -60.64623,
              -32.937593,
              0
            ],
            [
              -60.640399,
              -32.938647,
              0
            ],
            [
              -60.639673,
              -32.935761,
              0
            ],
            [
              -60.646413,
              -32.931704,
              0
            ],
            [
              -60.648599,
              -32.930473,
              0
            ],
            [
              -60.648716,
              -32.930459,
              0
            ],
            [
              -60.649545,
              -32.929893,
              0
            ]
          ]
        ]
      },
      "properties": {
        "description": {
          "@type": "html",
          "value": "descripción: <br>id: 121<br>Sector: 1<br>Sub Zona: 2F<br>Zona: 2"
        },
        "styleUrl": "#poly-0F9D58-1200-76",
        "fill-opacity": 0.2980392156862745,
        "fill": "#0f9d58",
        "stroke-opacity": 1,
        "stroke": "#0f9d58",
        "stroke-width": 1.2,
        "descripción": "",
        "id": "121",
        "Sector": "1",
        "Sub Zona": "2F",
        "Zona": "2",
        "name": "Sector 1 (2F)",
        "fillColor": "#0f9d58",
        "color": "#0f9d58",
        "fillOpacity": 0.2980392156862745
      }
    },
    {
      "type": "Feature",
      "geometry": {
        "type": "Polygon",
        "coordinates": [
          [
            [
              -60.651391,
              -32.936678,
              0
            ],
            [
              -60.649545,
              -32.929893,
              0
            ],
            [
              -60.651425,
              -32.928586,
              0
            ],
            [
              -60.653101,
              -32.9281,
              0
            ],
            [
              -60.660709,
              -32.923859,
              0
            ],
            [
              -60.661468,
              -32.924502,
              0
            ],
            [
              -60.661587,
              -32.92491,
              0
            ],
            [
              -60.662569,
              -32.928287,
              0
            ],
            [
              -60.66294,
              -32.928433,
              0
            ],
            [
              -60.663211,
              -32.92874,
              0
            ],
            [
              -60.663312,
              -32.92914,
              0
            ],
            [
              -60.663149,
              -32.929499,
              0
            ],
            [
              -60.662747,
              -32.929799,
              0
            ],
            [
              -60.662084,
              -32.92983,
              0
            ],
            [
              -60.662484,
              -32.931001,
              0
            ],
            [
              -60.663108,
              -32.931237,
              0
            ],
            [
              -60.663895,
              -32.934368,
              0
            ],
            [
              -60.655449,
              -32.935927,
              0
            ],
            [
              -60.651391,
              -32.936678,
              0
            ]
          ]
        ]
      },
      "properties": {
        "description": {
          "@type": "html",
          "value": "descripción: <br>id: 122<br>Sector: 2<br>Sub Zona: 2F<br>Zona: 2"
        },
        "styleUrl": "#poly-0F9D58-1200-76",
        "fill-opacity": 0.2980392156862745,
        "fill": "#0f9d58",
        "stroke-opacity": 1,
        "stroke": "#0f9d58",
        "stroke-width": 1.2,
        "descripción": "",
        "id": "122",
        "Sector": "2",
        "Sub Zona": "2F",
        "Zona": "2",
        "name": "Sector 2 (2F)",
        "fillColor": "#0f9d58",
        "color": "#0f9d58",
        "fillOpacity": 0.2980392156862745
      }
    },
    {
      "type": "Feature",
      "geometry": {
        "type": "Polygon",
        "coordinates": [
          [
            [
              -60.639673,
              -32.935761,
              0
            ],
            [
              -60.640399,
              -32.938647,
              0
            ],
            [
              -60.641274,
              -32.942127,
              0
            ],
            [
              -60.634981,
              -32.943446,
              0
            ],
            [
              -60.634419,
              -32.943024,
              0
            ],
            [
              -60.633834,
              -32.942801,
              0
            ],
            [
              -60.632039,
              -32.942075,
              0
            ],
            [
              -60.633442,
              -32.940679,
              0
            ],
            [
              -60.637426,
              -32.937154,
              0
            ],
            [
              -60.638918,
              -32.936224,
              0
            ],
            [
              -60.639673,
              -32.935761,
              0
            ]
          ]
        ]
      },
      "properties": {
        "description": {
          "@type": "html",
          "value": "descripción: <br>id: 123<br>Sector: 3<br>Sub Zona: 2J<br>Zona: 2"
        },
        "styleUrl": "#poly-0F9D58-1200-76",
        "fill-opacity": 0.2980392156862745,
        "fill": "#0f9d58",
        "stroke-opacity": 1,
        "stroke": "#0f9d58",
        "stroke-width": 1.2,
        "descripción": "",
        "id": "123",
        "Sector": "3",
        "Sub Zona": "2J",
        "Zona": "2",
        "name": "Sector 3 (2J)",
        "fillColor": "#0f9d58",
        "color": "#0f9d58",
        "fillOpacity": 0.2980392156862745
      }
    },
    {
      "type": "Feature",
      "geometry": {
        "type": "Polygon",
        "coordinates": [
          [
            [
              -60.640399,
              -32.938647,
              0
            ],
            [
              -60.64623,
              -32.937593,
              0
            ],
            [
              -60.648302,
              -32.945936,
              0
            ],
            [
              -60.642494,
              -32.946975,
              0
            ],
            [
              -60.641274,
              -32.942127,
              0
            ],
            [
              -60.640399,
              -32.938647,
              0
            ]
          ]
        ]
      },
      "properties": {
        "description": {
          "@type": "html",
          "value": "descripción: <br>id: 124<br>Sector: 4<br>Sub Zona: 2F<br>Zona: 2"
        },
        "styleUrl": "#poly-0F9D58-1200-76",
        "fill-opacity": 0.2980392156862745,
        "fill": "#0f9d58",
        "stroke-opacity": 1,
        "stroke": "#0f9d58",
        "stroke-width": 1.2,
        "descripción": "",
        "id": "124",
        "Sector": "4",
        "Sub Zona": "2F",
        "Zona": "2",
        "name": "Sector 4 (2F)",
        "fillColor": "#0f9d58",
        "color": "#0f9d58",
        "fillOpacity": 0.2980392156862745
      }
    },
    {
      "type": "Feature",
      "geometry": {
        "type": "Polygon",
        "coordinates": [
          [
            [
              -60.648302,
              -32.945936,
              0
            ],
            [
              -60.64623,
              -32.937593,
              0
            ],
            [
              -60.651391,
              -32.936678,
              0
            ],
            [
              -60.655449,
              -32.935927,
              0
            ],
            [
              -60.657506,
              -32.944279,
              0
            ],
            [
              -60.653273,
              -32.94505,
              0
            ],
            [
              -60.648302,
              -32.945936,
              0
            ]
          ]
        ]
      },
      "properties": {
        "description": {
          "@type": "html",
          "value": "descripción: <br>id: 125<br>Sector: 5<br>Sub Zona: 2F<br>Zona: 2"
        },
        "styleUrl": "#poly-0F9D58-1200-76",
        "fill-opacity": 0.2980392156862745,
        "fill": "#0f9d58",
        "stroke-opacity": 1,
        "stroke": "#0f9d58",
        "stroke-width": 1.2,
        "descripción": "",
        "id": "125",
        "Sector": "5",
        "Sub Zona": "2F",
        "Zona": "2",
        "name": "Sector 5 (2F)",
        "fillColor": "#0f9d58",
        "color": "#0f9d58",
        "fillOpacity": 0.2980392156862745
      }
    },
    {
      "type": "Feature",
      "geometry": {
        "type": "Polygon",
        "coordinates": [
          [
            [
              -60.657506,
              -32.944279,
              0
            ],
            [
              -60.655449,
              -32.935927,
              0
            ],
            [
              -60.663895,
              -32.934368,
              0
            ],
            [
              -60.666008,
              -32.942765,
              0
            ],
            [
              -60.660278,
              -32.943778,
              0
            ],
            [
              -60.657506,
              -32.944279,
              0
            ]
          ]
        ]
      },
      "properties": {
        "description": {
          "@type": "html",
          "value": "descripción: <br>id: 126<br>Sector: 6<br>Sub Zona: 2F<br>Zona: 2"
        },
        "styleUrl": "#poly-0F9D58-1200-76",
        "fill-opacity": 0.2980392156862745,
        "fill": "#0f9d58",
        "stroke-opacity": 1,
        "stroke": "#0f9d58",
        "stroke-width": 1.2,
        "descripción": "",
        "id": "126",
        "Sector": "6",
        "Sub Zona": "2F",
        "Zona": "2",
        "name": "Sector 6 (2F)",
        "fillColor": "#0f9d58",
        "color": "#0f9d58",
        "fillOpacity": 0.2980392156862745
      }
    },
    {
      "type": "Feature",
      "geometry": {
        "type": "Polygon",
        "coordinates": [
          [
            [
              -60.61986,
              -32.96059,
              0
            ],
            [
              -60.62159,
              -32.956519,
              0
            ],
            [
              -60.623521,
              -32.952854,
              0
            ],
            [
              -60.6259,
              -32.949164,
              0
            ],
            [
              -60.627099,
              -32.949683,
              0
            ],
            [
              -60.628617,
              -32.949972,
              0
            ],
            [
              -60.62889,
              -32.94986,
              0
            ],
            [
              -60.628851,
              -32.94969,
              0
            ],
            [
              -60.630056,
              -32.949473,
              0
            ],
            [
              -60.632353,
              -32.958986,
              0
            ],
            [
              -60.628469,
              -32.959739,
              0
            ],
            [
              -60.619669,
              -32.961267,
              0
            ],
            [
              -60.61986,
              -32.96059,
              0
            ]
          ]
        ]
      },
      "properties": {
        "description": {
          "@type": "html",
          "value": "descripción: <br>id: 127<br>Sector: 7<br>Sub Zona: 2J<br>Zona: 2"
        },
        "styleUrl": "#poly-0F9D58-1200-76",
        "fill-opacity": 0.2980392156862745,
        "fill": "#0f9d58",
        "stroke-opacity": 1,
        "stroke": "#0f9d58",
        "stroke-width": 1.2,
        "descripción": "",
        "id": "127",
        "Sector": "7",
        "Sub Zona": "2J",
        "Zona": "2",
        "name": "Sector 7 (2J)",
        "fillColor": "#0f9d58",
        "color": "#0f9d58",
        "fillOpacity": 0.2980392156862745
      }
    },
    {
      "type": "Feature",
      "geometry": {
        "type": "Polygon",
        "coordinates": [
          [
            [
              -60.632353,
              -32.958986,
              0
            ],
            [
              -60.630056,
              -32.949473,
              0
            ],
            [
              -60.635713,
              -32.948331,
              0
            ],
            [
              -60.638313,
              -32.957975,
              0
            ],
            [
              -60.635611,
              -32.958438,
              0
            ],
            [
              -60.632353,
              -32.958986,
              0
            ]
          ]
        ]
      },
      "properties": {
        "description": {
          "@type": "html",
          "value": "descripción: <br>id: 128<br>Sector: 8<br>Sub Zona: 2J<br>Zona: 2"
        },
        "styleUrl": "#poly-0F9D58-1200-76",
        "fill-opacity": 0.2980392156862745,
        "fill": "#0f9d58",
        "stroke-opacity": 1,
        "stroke": "#0f9d58",
        "stroke-width": 1.2,
        "descripción": "",
        "id": "128",
        "Sector": "8",
        "Sub Zona": "2J",
        "Zona": "2",
        "name": "Sector 8 (2J)",
        "fillColor": "#0f9d58",
        "color": "#0f9d58",
        "fillOpacity": 0.2980392156862745
      }
    },
    {
      "type": "Feature",
      "geometry": {
        "type": "Polygon",
        "coordinates": [
          [
            [
              -60.638313,
              -32.957975,
              0
            ],
            [
              -60.635713,
              -32.948331,
              0
            ],
            [
              -60.642494,
              -32.946975,
              0
            ],
            [
              -60.644959,
              -32.956779,
              0
            ],
            [
              -60.638313,
              -32.957975,
              0
            ]
          ]
        ]
      },
      "properties": {
        "description": {
          "@type": "html",
          "value": "descripción: <br>id: 129<br>Sector: 9<br>Sub Zona: 2J<br>Zona: 2"
        },
        "styleUrl": "#poly-0F9D58-1200-76",
        "fill-opacity": 0.2980392156862745,
        "fill": "#0f9d58",
        "stroke-opacity": 1,
        "stroke": "#0f9d58",
        "stroke-width": 1.2,
        "descripción": "",
        "id": "129",
        "Sector": "9",
        "Sub Zona": "2J",
        "Zona": "2",
        "name": "Sector 9 (2J)",
        "fillColor": "#0f9d58",
        "color": "#0f9d58",
        "fillOpacity": 0.2980392156862745
      }
    },
    {
      "type": "Feature",
      "geometry": {
        "type": "Polygon",
        "coordinates": [
          [
            [
              -60.644959,
              -32.956779,
              0
            ],
            [
              -60.642494,
              -32.946975,
              0
            ],
            [
              -60.648302,
              -32.945936,
              0
            ],
            [
              -60.653273,
              -32.94505,
              0
            ],
            [
              -60.655705,
              -32.954913,
              0
            ],
            [
              -60.649168,
              -32.956042,
              0
            ],
            [
              -60.644959,
              -32.956779,
              0
            ]
          ]
        ]
      },
      "properties": {
        "description": {
          "@type": "html",
          "value": "descripción: <br>id: 130<br>Sector: 10<br>Sub Zona: 2F<br>Zona: 2"
        },
        "styleUrl": "#poly-0F9D58-1200-76",
        "fill-opacity": 0.2980392156862745,
        "fill": "#0f9d58",
        "stroke-opacity": 1,
        "stroke": "#0f9d58",
        "stroke-width": 1.2,
        "descripción": "",
        "id": "130",
        "Sector": "10",
        "Sub Zona": "2F",
        "Zona": "2",
        "name": "Sector 10 (2F)",
        "fillColor": "#0f9d58",
        "color": "#0f9d58",
        "fillOpacity": 0.2980392156862745
      }
    },
    {
      "type": "Feature",
      "geometry": {
        "type": "Polygon",
        "coordinates": [
          [
            [
              -60.655705,
              -32.954913,
              0
            ],
            [
              -60.653273,
              -32.94505,
              0
            ],
            [
              -60.657506,
              -32.944279,
              0
            ],
            [
              -60.660278,
              -32.943778,
              0
            ],
            [
              -60.662774,
              -32.953636,
              0
            ],
            [
              -60.655705,
              -32.954913,
              0
            ]
          ]
        ]
      },
      "properties": {
        "description": {
          "@type": "html",
          "value": "descripción: <br>id: 131<br>Sector: 11<br>Sub Zona: 2F<br>Zona: 2"
        },
        "styleUrl": "#poly-0F9D58-1200-76",
        "fill-opacity": 0.2980392156862745,
        "fill": "#0f9d58",
        "stroke-opacity": 1,
        "stroke": "#0f9d58",
        "stroke-width": 1.2,
        "descripción": "",
        "id": "131",
        "Sector": "11",
        "Sub Zona": "2F",
        "Zona": "2",
        "name": "Sector 11 (2F)",
        "fillColor": "#0f9d58",
        "color": "#0f9d58",
        "fillOpacity": 0.2980392156862745
      }
    },
    {
      "type": "Feature",
      "geometry": {
        "type": "Polygon",
        "coordinates": [
          [
            [
              -60.662774,
              -32.953636,
              0
            ],
            [
              -60.660278,
              -32.943778,
              0
            ],
            [
              -60.666008,
              -32.942765,
              0
            ],
            [
              -60.666368,
              -32.944195,
              0
            ],
            [
              -60.667307,
              -32.947926,
              0
            ],
            [
              -60.668478,
              -32.952577,
              0
            ],
            [
              -60.66413,
              -32.953383,
              0
            ],
            [
              -60.662774,
              -32.953636,
              0
            ]
          ]
        ]
      },
      "properties": {
        "description": {
          "@type": "html",
          "value": "descripción: <br>id: 132<br>Sector: 12<br>Sub Zona: 2F<br>Zona: 2"
        },
        "styleUrl": "#poly-0F9D58-1200-76",
        "fill-opacity": 0.2980392156862745,
        "fill": "#0f9d58",
        "stroke-opacity": 1,
        "stroke": "#0f9d58",
        "stroke-width": 1.2,
        "descripción": "",
        "id": "132",
        "Sector": "12",
        "Sub Zona": "2F",
        "Zona": "2",
        "name": "Sector 12 (2F)",
        "fillColor": "#0f9d58",
        "color": "#0f9d58",
        "fillOpacity": 0.2980392156862745
      }
    },
    {
      "type": "Feature",
      "geometry": {
        "type": "Polygon",
        "coordinates": [
          [
            [
              -60.631154,
              -32.970458,
              0
            ],
            [
              -60.623587,
              -32.971862,
              0
            ],
            [
              -60.623467,
              -32.971444,
              0
            ],
            [
              -60.617596,
              -32.972454,
              0
            ],
            [
              -60.61761,
              -32.972082,
              0
            ],
            [
              -60.617831,
              -32.971882,
              0
            ],
            [
              -60.617633,
              -32.971614,
              0
            ],
            [
              -60.617818,
              -32.969311,
              0
            ],
            [
              -60.61863,
              -32.964942,
              0
            ],
            [
              -60.619669,
              -32.961267,
              0
            ],
            [
              -60.628469,
              -32.959739,
              0
            ],
            [
              -60.631154,
              -32.970458,
              0
            ]
          ]
        ]
      },
      "properties": {
        "description": {
          "@type": "html",
          "value": "descripción: <br>id: 133<br>Sector: 13<br>Sub Zona: 2J<br>Zona: 2"
        },
        "styleUrl": "#poly-0F9D58-1200-76",
        "fill-opacity": 0.2980392156862745,
        "fill": "#0f9d58",
        "stroke-opacity": 1,
        "stroke": "#0f9d58",
        "stroke-width": 1.2,
        "descripción": "",
        "id": "133",
        "Sector": "13",
        "Sub Zona": "2J",
        "Zona": "2",
        "name": "Sector 13 (2J)",
        "fillColor": "#0f9d58",
        "color": "#0f9d58",
        "fillOpacity": 0.2980392156862745
      }
    },
    {
      "type": "Feature",
      "geometry": {
        "type": "Polygon",
        "coordinates": [
          [
            [
              -60.631154,
              -32.970458,
              0
            ],
            [
              -60.628469,
              -32.959739,
              0
            ],
            [
              -60.632353,
              -32.958986,
              0
            ],
            [
              -60.635611,
              -32.958438,
              0
            ],
            [
              -60.63833,
              -32.969126,
              0
            ],
            [
              -60.63395,
              -32.969939,
              0
            ],
            [
              -60.631154,
              -32.970458,
              0
            ]
          ]
        ]
      },
      "properties": {
        "description": {
          "@type": "html",
          "value": "descripción: <br>id: 134<br>Sector: 14<br>Sub Zona: 2J<br>Zona: 2"
        },
        "styleUrl": "#poly-0F9D58-1200-76",
        "fill-opacity": 0.2980392156862745,
        "fill": "#0f9d58",
        "stroke-opacity": 1,
        "stroke": "#0f9d58",
        "stroke-width": 1.2,
        "descripción": "",
        "id": "134",
        "Sector": "14",
        "Sub Zona": "2J",
        "Zona": "2",
        "name": "Sector 14 (2J)",
        "fillColor": "#0f9d58",
        "color": "#0f9d58",
        "fillOpacity": 0.2980392156862745
      }
    },
    {
      "type": "Feature",
      "geometry": {
        "type": "Polygon",
        "coordinates": [
          [
            [
              -60.647905,
              -32.968492,
              0
            ],
            [
              -60.645605,
              -32.968893,
              0
            ],
            [
              -60.642545,
              -32.969254,
              0
            ],
            [
              -60.638672,
              -32.969063,
              0
            ],
            [
              -60.63833,
              -32.969126,
              0
            ],
            [
              -60.635611,
              -32.958438,
              0
            ],
            [
              -60.638313,
              -32.957975,
              0
            ],
            [
              -60.644959,
              -32.956779,
              0
            ],
            [
              -60.647905,
              -32.968492,
              0
            ]
          ]
        ]
      },
      "properties": {
        "description": {
          "@type": "html",
          "value": "descripción: <br>id: 135<br>Sector: 15<br>Sub Zona: 2J<br>Zona: 2"
        },
        "styleUrl": "#poly-0F9D58-1200-76",
        "fill-opacity": 0.2980392156862745,
        "fill": "#0f9d58",
        "stroke-opacity": 1,
        "stroke": "#0f9d58",
        "stroke-width": 1.2,
        "descripción": "",
        "id": "135",
        "Sector": "15",
        "Sub Zona": "2J",
        "Zona": "2",
        "name": "Sector 15 (2J)",
        "fillColor": "#0f9d58",
        "color": "#0f9d58",
        "fillOpacity": 0.2980392156862745
      }
    },
    {
      "type": "Feature",
      "geometry": {
        "type": "Polygon",
        "coordinates": [
          [
            [
              -60.647905,
              -32.968492,
              0
            ],
            [
              -60.644959,
              -32.956779,
              0
            ],
            [
              -60.649168,
              -32.956042,
              0
            ],
            [
              -60.65214,
              -32.967751,
              0
            ],
            [
              -60.648223,
              -32.968437,
              0
            ],
            [
              -60.647905,
              -32.968492,
              0
            ]
          ]
        ]
      },
      "properties": {
        "description": {
          "@type": "html",
          "value": "descripción: <br>id: 136<br>Sector: 16<br>Sub Zona: 2F<br>Zona: 2"
        },
        "styleUrl": "#poly-0F9D58-1200-76",
        "fill-opacity": 0.2980392156862745,
        "fill": "#0f9d58",
        "stroke-opacity": 1,
        "stroke": "#0f9d58",
        "stroke-width": 1.2,
        "descripción": "",
        "id": "136",
        "Sector": "16",
        "Sub Zona": "2F",
        "Zona": "2",
        "name": "Sector 16 (2F)",
        "fillColor": "#0f9d58",
        "color": "#0f9d58",
        "fillOpacity": 0.2980392156862745
      }
    },
    {
      "type": "Feature",
      "geometry": {
        "type": "Polygon",
        "coordinates": [
          [
            [
              -60.658842,
              -32.966577,
              0
            ],
            [
              -60.653755,
              -32.967468,
              0
            ],
            [
              -60.65214,
              -32.967751,
              0
            ],
            [
              -60.649168,
              -32.956042,
              0
            ],
            [
              -60.655705,
              -32.954913,
              0
            ],
            [
              -60.658842,
              -32.966577,
              0
            ]
          ]
        ]
      },
      "properties": {
        "description": {
          "@type": "html",
          "value": "descripción: <br>id: 137<br>Sector: 17<br>Sub Zona: 2F<br>Zona: 2"
        },
        "styleUrl": "#poly-0F9D58-1200-76",
        "fill-opacity": 0.2980392156862745,
        "fill": "#0f9d58",
        "stroke-opacity": 1,
        "stroke": "#0f9d58",
        "stroke-width": 1.2,
        "descripción": "",
        "id": "137",
        "Sector": "17",
        "Sub Zona": "2F",
        "Zona": "2",
        "name": "Sector 17 (2F)",
        "fillColor": "#0f9d58",
        "color": "#0f9d58",
        "fillOpacity": 0.2980392156862745
      }
    },
    {
      "type": "Feature",
      "geometry": {
        "type": "Polygon",
        "coordinates": [
          [
            [
              -60.655705,
              -32.954913,
              0
            ],
            [
              -60.662774,
              -32.953636,
              0
            ],
            [
              -60.66413,
              -32.953383,
              0
            ],
            [
              -60.6668,
              -32.965184,
              0
            ],
            [
              -60.664553,
              -32.965578,
              0
            ],
            [
              -60.659338,
              -32.966491,
              0
            ],
            [
              -60.658842,
              -32.966577,
              0
            ],
            [
              -60.655705,
              -32.954913,
              0
            ]
          ]
        ]
      },
      "properties": {
        "description": {
          "@type": "html",
          "value": "descripción: <br>id: 138<br>Sector: 18<br>Sub Zona: 2F<br>Zona: 2"
        },
        "styleUrl": "#poly-0F9D58-1200-76",
        "fill-opacity": 0.2980392156862745,
        "fill": "#0f9d58",
        "stroke-opacity": 1,
        "stroke": "#0f9d58",
        "stroke-width": 1.2,
        "descripción": "",
        "id": "138",
        "Sector": "18",
        "Sub Zona": "2F",
        "Zona": "2",
        "name": "Sector 18 (2F)",
        "fillColor": "#0f9d58",
        "color": "#0f9d58",
        "fillOpacity": 0.2980392156862745
      }
    },
    {
      "type": "Feature",
      "geometry": {
        "type": "Polygon",
        "coordinates": [
          [
            [
              -60.6668,
              -32.965184,
              0
            ],
            [
              -60.66413,
              -32.953383,
              0
            ],
            [
              -60.668478,
              -32.952577,
              0
            ],
            [
              -60.669306,
              -32.955869,
              0
            ],
            [
              -60.670981,
              -32.96252,
              0
            ],
            [
              -60.671447,
              -32.964371,
              0
            ],
            [
              -60.671085,
              -32.964434,
              0
            ],
            [
              -60.667259,
              -32.965104,
              0
            ],
            [
              -60.6668,
              -32.965184,
              0
            ]
          ]
        ]
      },
      "properties": {
        "description": {
          "@type": "html",
          "value": "descripción: <br>id: 139<br>Sector: 19<br>Sub Zona: 2F<br>Zona: 2"
        },
        "styleUrl": "#poly-0F9D58-1200-76",
        "fill-opacity": 0.2980392156862745,
        "fill": "#0f9d58",
        "stroke-opacity": 1,
        "stroke": "#0f9d58",
        "stroke-width": 1.2,
        "descripción": "",
        "id": "139",
        "Sector": "19",
        "Sub Zona": "2F",
        "Zona": "2",
        "name": "Sector 19 (2F)",
        "fillColor": "#0f9d58",
        "color": "#0f9d58",
        "fillOpacity": 0.2980392156862745
      }
    },
    {
      "type": "Feature",
      "geometry": {
        "type": "Polygon",
        "coordinates": [
          [
            [
              -60.632039,
              -32.942075,
              0
            ],
            [
              -60.633834,
              -32.942801,
              0
            ],
            [
              -60.634419,
              -32.943024,
              0
            ],
            [
              -60.634981,
              -32.943446,
              0
            ],
            [
              -60.641274,
              -32.942127,
              0
            ],
            [
              -60.642494,
              -32.946975,
              0
            ],
            [
              -60.635713,
              -32.948331,
              0
            ],
            [
              -60.630056,
              -32.949473,
              0
            ],
            [
              -60.628851,
              -32.94969,
              0
            ],
            [
              -60.62889,
              -32.94986,
              0
            ],
            [
              -60.628617,
              -32.949972,
              0
            ],
            [
              -60.627099,
              -32.949683,
              0
            ],
            [
              -60.6259,
              -32.949164,
              0
            ],
            [
              -60.626343,
              -32.948478,
              0
            ],
            [
              -60.629047,
              -32.945051,
              0
            ],
            [
              -60.632039,
              -32.942075,
              0
            ]
          ]
        ]
      },
      "properties": {
        "description": {
          "@type": "html",
          "value": "descripción: <br>id: 140<br>Sector: 20<br>Sub Zona: 2J<br>Zona: 2"
        },
        "styleUrl": "#poly-0F9D58-1200-76",
        "fill-opacity": 0.2980392156862745,
        "fill": "#0f9d58",
        "stroke-opacity": 1,
        "stroke": "#0f9d58",
        "stroke-width": 1.2,
        "descripción": "",
        "id": "140",
        "Sector": "20",
        "Sub Zona": "2J",
        "Zona": "2",
        "name": "Sector 20 (2J)",
        "fillColor": "#0f9d58",
        "color": "#0f9d58",
        "fillOpacity": 0.2980392156862745
      }
    },
    {
      "type": "Feature",
      "geometry": {
        "type": "Polygon",
        "coordinates": [
          [
            [
              -60.668478,
              -32.952577,
              0
            ],
            [
              -60.667307,
              -32.947926,
              0
            ],
            [
              -60.681022,
              -32.945526,
              0
            ],
            [
              -60.682165,
              -32.950122,
              0
            ],
            [
              -60.668478,
              -32.952577,
              0
            ]
          ]
        ]
      },
      "properties": {
        "description": {
          "@type": "html",
          "value": "descripción: <br>id: 145<br>Sector: 25<br>Sub Zona: 2F<br>Zona: 2"
        },
        "styleUrl": "#poly-0F9D58-1200-76",
        "fill-opacity": 0.2980392156862745,
        "fill": "#0f9d58",
        "stroke-opacity": 1,
        "stroke": "#0f9d58",
        "stroke-width": 1.2,
        "descripción": "",
        "id": "145",
        "Sector": "25",
        "Sub Zona": "2F",
        "Zona": "2",
        "name": "Sector 25 (2F)",
        "fillColor": "#0f9d58",
        "color": "#0f9d58",
        "fillOpacity": 0.2980392156862745
      }
    },
    {
      "type": "Feature",
      "geometry": {
        "type": "Polygon",
        "coordinates": [
          [
            [
              -60.667307,
              -32.947926,
              0
            ],
            [
              -60.666368,
              -32.944195,
              0
            ],
            [
              -60.680035,
              -32.941751,
              0
            ],
            [
              -60.680686,
              -32.944303,
              0
            ],
            [
              -60.681022,
              -32.945526,
              0
            ],
            [
              -60.667307,
              -32.947926,
              0
            ]
          ]
        ]
      },
      "properties": {
        "description": {
          "@type": "html",
          "value": "descripción: <br>id: 143<br>Sector: 23<br>Sub Zona: 2F<br>Zona: 2"
        },
        "styleUrl": "#poly-0F9D58-1200-76",
        "fill-opacity": 0.2980392156862745,
        "fill": "#0f9d58",
        "stroke-opacity": 1,
        "stroke": "#0f9d58",
        "stroke-width": 1.2,
        "descripción": "",
        "id": "143",
        "Sector": "23",
        "Sub Zona": "2F",
        "Zona": "2",
        "name": "Sector 23 (2F)",
        "fillColor": "#0f9d58",
        "color": "#0f9d58",
        "fillOpacity": 0.2980392156862745
      }
    },
    {
      "type": "Feature",
      "geometry": {
        "type": "Polygon",
        "coordinates": [
          [
            [
              -60.680035,
              -32.941751,
              0
            ],
            [
              -60.679643,
              -32.940293,
              0
            ],
            [
              -60.69289,
              -32.937889,
              0
            ],
            [
              -60.692761,
              -32.941858,
              0
            ],
            [
              -60.69276,
              -32.941944,
              0
            ],
            [
              -60.692754,
              -32.942128,
              0
            ],
            [
              -60.692753,
              -32.942156,
              0
            ],
            [
              -60.680686,
              -32.944303,
              0
            ],
            [
              -60.680035,
              -32.941751,
              0
            ]
          ]
        ]
      },
      "properties": {
        "description": {
          "@type": "html",
          "value": "descripción: <br>id: 144<br>Sector: 24<br>Sub Zona: 2E<br>Zona: 2"
        },
        "styleUrl": "#poly-0F9D58-1200-76",
        "fill-opacity": 0.2980392156862745,
        "fill": "#0f9d58",
        "stroke-opacity": 1,
        "stroke": "#0f9d58",
        "stroke-width": 1.2,
        "descripción": "",
        "id": "144",
        "Sector": "24",
        "Sub Zona": "2E",
        "Zona": "2",
        "name": "Sector 24 (2E)",
        "fillColor": "#0f9d58",
        "color": "#0f9d58",
        "fillOpacity": 0.2980392156862745
      }
    },
    {
      "type": "Feature",
      "geometry": {
        "type": "Polygon",
        "coordinates": [
          [
            [
              -60.692565,
              -32.94785,
              0
            ],
            [
              -60.692556,
              -32.948172,
              0
            ],
            [
              -60.692555,
              -32.948217,
              0
            ],
            [
              -60.682165,
              -32.950122,
              0
            ],
            [
              -60.681022,
              -32.945526,
              0
            ],
            [
              -60.680686,
              -32.944303,
              0
            ],
            [
              -60.692753,
              -32.942156,
              0
            ],
            [
              -60.692616,
              -32.946272,
              0
            ],
            [
              -60.692602,
              -32.946677,
              0
            ],
            [
              -60.692575,
              -32.94747,
              0
            ],
            [
              -60.692565,
              -32.94785,
              0
            ]
          ]
        ]
      },
      "properties": {
        "description": {
          "@type": "html",
          "value": "descripción: <br>id: 146<br>Sector: 26<br>Sub Zona: 2E<br>Zona: 2"
        },
        "styleUrl": "#poly-0F9D58-1200-76",
        "fill-opacity": 0.2980392156862745,
        "fill": "#0f9d58",
        "stroke-opacity": 1,
        "stroke": "#0f9d58",
        "stroke-width": 1.2,
        "descripción": "",
        "id": "146",
        "Sector": "26",
        "Sub Zona": "2E",
        "Zona": "2",
        "name": "Sector 26 (2E)",
        "fillColor": "#0f9d58",
        "color": "#0f9d58",
        "fillOpacity": 0.2980392156862745
      }
    },
    {
      "type": "Feature",
      "geometry": {
        "type": "Polygon",
        "coordinates": [
          [
            [
              -60.692555,
              -32.948217,
              0
            ],
            [
              -60.692357,
              -32.954148,
              0
            ],
            [
              -60.692227,
              -32.958392,
              0
            ],
            [
              -60.68399,
              -32.957413,
              0
            ],
            [
              -60.682987,
              -32.95346,
              0
            ],
            [
              -60.682165,
              -32.950122,
              0
            ],
            [
              -60.692555,
              -32.948217,
              0
            ]
          ]
        ]
      },
      "properties": {
        "description": {
          "@type": "html",
          "value": "descripción: <br>id: 148<br>Sector: 28<br>Sub Zona: 2E<br>Zona: 2"
        },
        "styleUrl": "#poly-0F9D58-1200-76",
        "fill-opacity": 0.2980392156862745,
        "fill": "#0f9d58",
        "stroke-opacity": 1,
        "stroke": "#0f9d58",
        "stroke-width": 1.2,
        "descripción": "",
        "id": "148",
        "Sector": "28",
        "Sub Zona": "2E",
        "Zona": "2",
        "name": "Sector 28 (2E)",
        "fillColor": "#0f9d58",
        "color": "#0f9d58",
        "fillOpacity": 0.2980392156862745
      }
    },
    {
      "type": "Feature",
      "geometry": {
        "type": "Polygon",
        "coordinates": [
          [
            [
              -60.682165,
              -32.950122,
              0
            ],
            [
              -60.682987,
              -32.95346,
              0
            ],
            [
              -60.677192,
              -32.954479,
              0
            ],
            [
              -60.669306,
              -32.955869,
              0
            ],
            [
              -60.668478,
              -32.952577,
              0
            ],
            [
              -60.682165,
              -32.950122,
              0
            ]
          ]
        ]
      },
      "properties": {
        "description": {
          "@type": "html",
          "value": "descripción: <br>id: 147<br>Sector: 27<br>Sub Zona: 2E<br>Zona: 2"
        },
        "styleUrl": "#poly-0F9D58-1200-76",
        "fill-opacity": 0.2980392156862745,
        "fill": "#0f9d58",
        "stroke-opacity": 1,
        "stroke": "#0f9d58",
        "stroke-width": 1.2,
        "descripción": "",
        "id": "147",
        "Sector": "27",
        "Sub Zona": "2E",
        "Zona": "2",
        "name": "Sector 27 (2E)",
        "fillColor": "#0f9d58",
        "color": "#0f9d58",
        "fillOpacity": 0.2980392156862745
      }
    },
    {
      "type": "Feature",
      "geometry": {
        "type": "Polygon",
        "coordinates": [
          [
            [
              -60.682987,
              -32.95346,
              0
            ],
            [
              -60.68399,
              -32.957413,
              0
            ],
            [
              -60.692227,
              -32.958392,
              0
            ],
            [
              -60.69222,
              -32.958728,
              0
            ],
            [
              -60.691315,
              -32.958654,
              0
            ],
            [
              -60.67882,
              -32.961093,
              0
            ],
            [
              -60.677192,
              -32.954479,
              0
            ],
            [
              -60.682987,
              -32.95346,
              0
            ]
          ]
        ]
      },
      "properties": {
        "description": {
          "@type": "html",
          "value": "descripción: <br>id: 150<br>Sector: 30<br>Sub Zona: 2E<br>Zona: 2"
        },
        "styleUrl": "#poly-0F9D58-1200-76",
        "fill-opacity": 0.2980392156862745,
        "fill": "#0f9d58",
        "stroke-opacity": 1,
        "stroke": "#0f9d58",
        "stroke-width": 1.2,
        "descripción": "",
        "id": "150",
        "Sector": "30",
        "Sub Zona": "2E",
        "Zona": "2",
        "name": "Sector 30 (2E)",
        "fillColor": "#0f9d58",
        "color": "#0f9d58",
        "fillOpacity": 0.2980392156862745
      }
    },
    {
      "type": "Feature",
      "geometry": {
        "type": "Polygon",
        "coordinates": [
          [
            [
              -60.67882,
              -32.961093,
              0
            ],
            [
              -60.670981,
              -32.96252,
              0
            ],
            [
              -60.669306,
              -32.955869,
              0
            ],
            [
              -60.677192,
              -32.954479,
              0
            ],
            [
              -60.67882,
              -32.961093,
              0
            ]
          ]
        ]
      },
      "properties": {
        "description": {
          "@type": "html",
          "value": "descripción: <br>id: 149<br>Sector: 29<br>Sub Zona: 2E<br>Zona: 2"
        },
        "styleUrl": "#poly-0F9D58-1200-76",
        "fill-opacity": 0.2980392156862745,
        "fill": "#0f9d58",
        "stroke-opacity": 1,
        "stroke": "#0f9d58",
        "stroke-width": 1.2,
        "descripción": "",
        "id": "149",
        "Sector": "29",
        "Sub Zona": "2E",
        "Zona": "2",
        "name": "Sector 29 (2E)",
        "fillColor": "#0f9d58",
        "color": "#0f9d58",
        "fillOpacity": 0.2980392156862745
      }
    },
    {
      "type": "Feature",
      "geometry": {
        "type": "Polygon",
        "coordinates": [
          [
            [
              -60.691315,
              -32.958654,
              0
            ],
            [
              -60.691206,
              -32.958809,
              0
            ],
            [
              -60.691044,
              -32.95904,
              0
            ],
            [
              -60.690817,
              -32.959303,
              0
            ],
            [
              -60.690574,
              -32.95956,
              0
            ],
            [
              -60.69032,
              -32.959805,
              0
            ],
            [
              -60.690068,
              -32.960025,
              0
            ],
            [
              -60.68997,
              -32.960101,
              0
            ],
            [
              -60.68982,
              -32.960216,
              0
            ],
            [
              -60.68947,
              -32.960465,
              0
            ],
            [
              -60.689116,
              -32.9607,
              0
            ],
            [
              -60.689066,
              -32.960715,
              0
            ],
            [
              -60.688814,
              -32.960856,
              0
            ],
            [
              -60.688519,
              -32.961006,
              0
            ],
            [
              -60.68821,
              -32.961148,
              0
            ],
            [
              -60.687967,
              -32.961246,
              0
            ],
            [
              -60.687781,
              -32.961317,
              0
            ],
            [
              -60.687573,
              -32.961386,
              0
            ],
            [
              -60.687353,
              -32.961463,
              0
            ],
            [
              -60.687159,
              -32.961523,
              0
            ],
            [
              -60.686803,
              -32.961605,
              0
            ],
            [
              -60.686406,
              -32.961687,
              0
            ],
            [
              -60.685536,
              -32.961843,
              0
            ],
            [
              -60.682055,
              -32.962474,
              0
            ],
            [
              -60.680864,
              -32.962691,
              0
            ],
            [
              -60.680001,
              -32.962844,
              0
            ],
            [
              -60.676887,
              -32.9634,
              0
            ],
            [
              -60.673595,
              -32.963987,
              0
            ],
            [
              -60.672607,
              -32.964176,
              0
            ],
            [
              -60.671447,
              -32.964371,
              0
            ],
            [
              -60.670981,
              -32.96252,
              0
            ],
            [
              -60.67882,
              -32.961093,
              0
            ],
            [
              -60.691315,
              -32.958654,
              0
            ]
          ]
        ]
      },
      "properties": {
        "description": {
          "@type": "html",
          "value": "descripción: <br>id: 151<br>Sector: 31<br>Sub Zona: 2E<br>Zona: 2"
        },
        "styleUrl": "#poly-0F9D58-1200-76",
        "fill-opacity": 0.2980392156862745,
        "fill": "#0f9d58",
        "stroke-opacity": 1,
        "stroke": "#0f9d58",
        "stroke-width": 1.2,
        "descripción": "",
        "id": "151",
        "Sector": "31",
        "Sub Zona": "2E",
        "Zona": "2",
        "name": "Sector 31 (2E)",
        "fillColor": "#0f9d58",
        "color": "#0f9d58",
        "fillOpacity": 0.2980392156862745
      }
    },
    {
      "type": "Feature",
      "geometry": {
        "type": "Polygon",
        "coordinates": [
          [
            [
              -60.692555,
              -32.948217,
              0
            ],
            [
              -60.692556,
              -32.948172,
              0
            ],
            [
              -60.692565,
              -32.94785,
              0
            ],
            [
              -60.701975,
              -32.948154,
              0
            ],
            [
              -60.702063,
              -32.948156,
              0
            ],
            [
              -60.70214,
              -32.948158,
              0
            ],
            [
              -60.70192,
              -32.954392,
              0
            ],
            [
              -60.701509,
              -32.954379,
              0
            ],
            [
              -60.692357,
              -32.954148,
              0
            ],
            [
              -60.692555,
              -32.948217,
              0
            ]
          ]
        ]
      },
      "properties": {
        "description": {
          "@type": "html",
          "value": "descripción: <br>id: 152<br>Sector: 32<br>Sub Zona: 2A<br>Zona: 2"
        },
        "styleUrl": "#poly-0F9D58-1200-76",
        "fill-opacity": 0.2980392156862745,
        "fill": "#0f9d58",
        "stroke-opacity": 1,
        "stroke": "#0f9d58",
        "stroke-width": 1.2,
        "descripción": "",
        "id": "152",
        "Sector": "32",
        "Sub Zona": "2A",
        "Zona": "2",
        "name": "Sector 32 (2A)",
        "fillColor": "#0f9d58",
        "color": "#0f9d58",
        "fillOpacity": 0.2980392156862745
      }
    },
    {
      "type": "Feature",
      "geometry": {
        "type": "Polygon",
        "coordinates": [
          [
            [
              -60.722055,
              -32.948499,
              0
            ],
            [
              -60.721923,
              -32.951315,
              0
            ],
            [
              -60.712326,
              -32.951048,
              0
            ],
            [
              -60.712178,
              -32.954665,
              0
            ],
            [
              -60.70192,
              -32.954392,
              0
            ],
            [
              -60.70214,
              -32.948158,
              0
            ],
            [
              -60.712067,
              -32.948365,
              0
            ],
            [
              -60.712145,
              -32.948367,
              0
            ],
            [
              -60.716055,
              -32.948473,
              0
            ],
            [
              -60.71803,
              -32.948526,
              0
            ],
            [
              -60.719877,
              -32.948408,
              0
            ],
            [
              -60.720542,
              -32.94848,
              0
            ],
            [
              -60.721309,
              -32.94849,
              0
            ],
            [
              -60.722055,
              -32.948499,
              0
            ]
          ]
        ]
      },
      "properties": {
        "description": {
          "@type": "html",
          "value": "descripción: <br>id: 153<br>Sector: 33<br>Sub Zona: 2A<br>Zona: 2"
        },
        "styleUrl": "#poly-0F9D58-1200-76",
        "fill-opacity": 0.2980392156862745,
        "fill": "#0f9d58",
        "stroke-opacity": 1,
        "stroke": "#0f9d58",
        "stroke-width": 1.2,
        "descripción": "",
        "id": "153",
        "Sector": "33",
        "Sub Zona": "2A",
        "Zona": "2",
        "name": "Sector 33 (2A)",
        "fillColor": "#0f9d58",
        "color": "#0f9d58",
        "fillOpacity": 0.2980392156862745
      }
    },
    {
      "type": "Feature",
      "geometry": {
        "type": "Polygon",
        "coordinates": [
          [
            [
              -60.692218,
              -32.958818,
              0
            ],
            [
              -60.69222,
              -32.958728,
              0
            ],
            [
              -60.692227,
              -32.958392,
              0
            ],
            [
              -60.692357,
              -32.954148,
              0
            ],
            [
              -60.701509,
              -32.954379,
              0
            ],
            [
              -60.701248,
              -32.959237,
              0
            ],
            [
              -60.700169,
              -32.959144,
              0
            ],
            [
              -60.694158,
              -32.958953,
              0
            ],
            [
              -60.692218,
              -32.958818,
              0
            ]
          ]
        ]
      },
      "properties": {
        "description": {
          "@type": "html",
          "value": "descripción: <br>id: 154<br>Sector: 34<br>Sub Zona: 2A<br>Zona: 2"
        },
        "styleUrl": "#poly-0F9D58-1200-76",
        "fill-opacity": 0.2980392156862745,
        "fill": "#0f9d58",
        "stroke-opacity": 1,
        "stroke": "#0f9d58",
        "stroke-width": 1.2,
        "descripción": "",
        "id": "154",
        "Sector": "34",
        "Sub Zona": "2A",
        "Zona": "2",
        "name": "Sector 34 (2A)",
        "fillColor": "#0f9d58",
        "color": "#0f9d58",
        "fillOpacity": 0.2980392156862745
      }
    },
    {
      "type": "Feature",
      "geometry": {
        "type": "Polygon",
        "coordinates": [
          [
            [
              -60.712178,
              -32.954665,
              0
            ],
            [
              -60.712002,
              -32.959553,
              0
            ],
            [
              -60.707051,
              -32.959414,
              0
            ],
            [
              -60.701765,
              -32.959266,
              0
            ],
            [
              -60.701248,
              -32.959237,
              0
            ],
            [
              -60.701509,
              -32.954379,
              0
            ],
            [
              -60.70192,
              -32.954392,
              0
            ],
            [
              -60.712178,
              -32.954665,
              0
            ]
          ]
        ]
      },
      "properties": {
        "description": {
          "@type": "html",
          "value": "descripción: <br>id: 155<br>Sector: 35<br>Sub Zona: 2A<br>Zona: 2"
        },
        "styleUrl": "#poly-0F9D58-1200-76",
        "fill-opacity": 0.2980392156862745,
        "fill": "#0f9d58",
        "stroke-opacity": 1,
        "stroke": "#0f9d58",
        "stroke-width": 1.2,
        "descripción": "",
        "id": "155",
        "Sector": "35",
        "Sub Zona": "2A",
        "Zona": "2",
        "name": "Sector 35 (2A)",
        "fillColor": "#0f9d58",
        "color": "#0f9d58",
        "fillOpacity": 0.2980392156862745
      }
    },
    {
      "type": "Feature",
      "geometry": {
        "type": "Polygon",
        "coordinates": [
          [
            [
              -60.712002,
              -32.959553,
              0
            ],
            [
              -60.712178,
              -32.954665,
              0
            ],
            [
              -60.712326,
              -32.951048,
              0
            ],
            [
              -60.721923,
              -32.951315,
              0
            ],
            [
              -60.721552,
              -32.959269,
              0
            ],
            [
              -60.721526,
              -32.959819,
              0
            ],
            [
              -60.712073,
              -32.959554,
              0
            ],
            [
              -60.712002,
              -32.959553,
              0
            ]
          ]
        ]
      },
      "properties": {
        "description": {
          "@type": "html",
          "value": "descripción: <br>id: 156<br>Sector: 36<br>Sub Zona: 2A<br>Zona: 2"
        },
        "styleUrl": "#poly-0F9D58-1200-76",
        "fill-opacity": 0.2980392156862745,
        "fill": "#0f9d58",
        "stroke-opacity": 1,
        "stroke": "#0f9d58",
        "stroke-width": 1.2,
        "descripción": "",
        "id": "156",
        "Sector": "36",
        "Sub Zona": "2A",
        "Zona": "2",
        "name": "Sector 36 (2A)",
        "fillColor": "#0f9d58",
        "color": "#0f9d58",
        "fillOpacity": 0.2980392156862745
      }
    },
    {
      "type": "Feature",
      "geometry": {
        "type": "Polygon",
        "coordinates": [
          [
            [
              -60.735256,
              -32.949078,
              0
            ],
            [
              -60.735653,
              -32.949108,
              0
            ],
            [
              -60.736288,
              -32.959551,
              0
            ],
            [
              -60.721552,
              -32.959269,
              0
            ],
            [
              -60.721923,
              -32.951315,
              0
            ],
            [
              -60.722055,
              -32.948499,
              0
            ],
            [
              -60.724341,
              -32.948767,
              0
            ],
            [
              -60.72643,
              -32.948976,
              0
            ],
            [
              -60.728255,
              -32.949026,
              0
            ],
            [
              -60.7293,
              -32.949059,
              0
            ],
            [
              -60.730519,
              -32.949064,
              0
            ],
            [
              -60.731293,
              -32.949066,
              0
            ],
            [
              -60.732432,
              -32.949011,
              0
            ],
            [
              -60.734,
              -32.949026,
              0
            ],
            [
              -60.735256,
              -32.949078,
              0
            ]
          ]
        ]
      },
      "properties": {
        "description": {
          "@type": "html",
          "value": "descripción: <br>id: 157<br>Sector: 37<br>Sub Zona: 2C<br>Zona: 2"
        },
        "styleUrl": "#poly-0F9D58-1200-76",
        "fill-opacity": 0.2980392156862745,
        "fill": "#0f9d58",
        "stroke-opacity": 1,
        "stroke": "#0f9d58",
        "stroke-width": 1.2,
        "descripción": "",
        "id": "157",
        "Sector": "37",
        "Sub Zona": "2C",
        "Zona": "2",
        "name": "Sector 37 (2C)",
        "fillColor": "#0f9d58",
        "color": "#0f9d58",
        "fillOpacity": 0.2980392156862745
      }
    },
    {
      "type": "Feature",
      "geometry": {
        "type": "Polygon",
        "coordinates": [
          [
            [
              -60.692218,
              -32.958818,
              0
            ],
            [
              -60.694158,
              -32.958953,
              0
            ],
            [
              -60.700169,
              -32.959144,
              0
            ],
            [
              -60.701248,
              -32.959237,
              0
            ],
            [
              -60.701765,
              -32.959266,
              0
            ],
            [
              -60.701607,
              -32.963851,
              0
            ],
            [
              -60.691948,
              -32.963492,
              0
            ],
            [
              -60.692075,
              -32.960175,
              0
            ],
            [
              -60.692135,
              -32.959798,
              0
            ],
            [
              -60.692155,
              -32.959654,
              0
            ],
            [
              -60.692191,
              -32.959405,
              0
            ],
            [
              -60.692208,
              -32.959168,
              0
            ],
            [
              -60.692218,
              -32.958818,
              0
            ]
          ]
        ]
      },
      "properties": {
        "description": {
          "@type": "html",
          "value": "descripción: <br>id: 158<br>Sector: 38<br>Sub Zona: 2B<br>Zona: 2"
        },
        "styleUrl": "#poly-0F9D58-1200-76",
        "fill-opacity": 0.2980392156862745,
        "fill": "#0f9d58",
        "stroke-opacity": 1,
        "stroke": "#0f9d58",
        "stroke-width": 1.2,
        "descripción": "",
        "id": "158",
        "Sector": "38",
        "Sub Zona": "2B",
        "Zona": "2",
        "name": "Sector 38 (2B)",
        "fillColor": "#0f9d58",
        "color": "#0f9d58",
        "fillOpacity": 0.2980392156862745
      }
    },
    {
      "type": "Feature",
      "geometry": {
        "type": "Polygon",
        "coordinates": [
          [
            [
              -60.701765,
              -32.959266,
              0
            ],
            [
              -60.707051,
              -32.959414,
              0
            ],
            [
              -60.712002,
              -32.959553,
              0
            ],
            [
              -60.712073,
              -32.959554,
              0
            ],
            [
              -60.711896,
              -32.964087,
              0
            ],
            [
              -60.701607,
              -32.963851,
              0
            ],
            [
              -60.701765,
              -32.959266,
              0
            ]
          ]
        ]
      },
      "properties": {
        "description": {
          "@type": "html",
          "value": "descripción: <br>id: 159<br>Sector: 39<br>Sub Zona: 2B<br>Zona: 2"
        },
        "styleUrl": "#poly-0F9D58-1200-76",
        "fill-opacity": 0.2980392156862745,
        "fill": "#0f9d58",
        "stroke-opacity": 1,
        "stroke": "#0f9d58",
        "stroke-width": 1.2,
        "descripción": "",
        "id": "159",
        "Sector": "39",
        "Sub Zona": "2B",
        "Zona": "2",
        "name": "Sector 39 (2B)",
        "fillColor": "#0f9d58",
        "color": "#0f9d58",
        "fillOpacity": 0.2980392156862745
      }
    },
    {
      "type": "Feature",
      "geometry": {
        "type": "Polygon",
        "coordinates": [
          [
            [
              -60.711896,
              -32.964087,
              0
            ],
            [
              -60.712073,
              -32.959554,
              0
            ],
            [
              -60.721526,
              -32.959819,
              0
            ],
            [
              -60.721247,
              -32.961251,
              0
            ],
            [
              -60.720779,
              -32.962939,
              0
            ],
            [
              -60.719844,
              -32.965019,
              0
            ],
            [
              -60.719448,
              -32.96584,
              0
            ],
            [
              -60.71185,
              -32.965579,
              0
            ],
            [
              -60.711896,
              -32.964087,
              0
            ]
          ]
        ]
      },
      "properties": {
        "description": {
          "@type": "html",
          "value": "descripción: <br>id: 160<br>Sector: 40<br>Sub Zona: 2B<br>Zona: 2"
        },
        "styleUrl": "#poly-0F9D58-1200-76",
        "fill-opacity": 0.2980392156862745,
        "fill": "#0f9d58",
        "stroke-opacity": 1,
        "stroke": "#0f9d58",
        "stroke-width": 1.2,
        "descripción": "",
        "id": "160",
        "Sector": "40",
        "Sub Zona": "2B",
        "Zona": "2",
        "name": "Sector 40 (2B)",
        "fillColor": "#0f9d58",
        "color": "#0f9d58",
        "fillOpacity": 0.2980392156862745
      }
    },
    {
      "type": "Feature",
      "geometry": {
        "type": "Polygon",
        "coordinates": [
          [
            [
              -60.719448,
              -32.96584,
              0
            ],
            [
              -60.719844,
              -32.965019,
              0
            ],
            [
              -60.720779,
              -32.962939,
              0
            ],
            [
              -60.721247,
              -32.961251,
              0
            ],
            [
              -60.721526,
              -32.959819,
              0
            ],
            [
              -60.721552,
              -32.959269,
              0
            ],
            [
              -60.736288,
              -32.959551,
              0
            ],
            [
              -60.736956,
              -32.964509,
              0
            ],
            [
              -60.73269,
              -32.964376,
              0
            ],
            [
              -60.733405,
              -32.968247,
              0
            ],
            [
              -60.718503,
              -32.96775,
              0
            ],
            [
              -60.718861,
              -32.967059,
              0
            ],
            [
              -60.719448,
              -32.96584,
              0
            ]
          ]
        ]
      },
      "properties": {
        "description": {
          "@type": "html",
          "value": "descripción: <br>id: 161<br>Sector: 41<br>Sub Zona: 2C<br>Zona: 2"
        },
        "styleUrl": "#poly-0F9D58-1200-76",
        "fill-opacity": 0.2980392156862745,
        "fill": "#0f9d58",
        "stroke-opacity": 1,
        "stroke": "#0f9d58",
        "stroke-width": 1.2,
        "descripción": "",
        "id": "161",
        "Sector": "41",
        "Sub Zona": "2C",
        "Zona": "2",
        "name": "Sector 41 (2C)",
        "fillColor": "#0f9d58",
        "color": "#0f9d58",
        "fillOpacity": 0.2980392156862745
      }
    },
    {
      "type": "Feature",
      "geometry": {
        "type": "Polygon",
        "coordinates": [
          [
            [
              -60.690856,
              -32.971006,
              0
            ],
            [
              -60.69188,
              -32.968413,
              0
            ],
            [
              -60.691969,
              -32.967168,
              0
            ],
            [
              -60.691929,
              -32.963977,
              0
            ],
            [
              -60.691948,
              -32.963492,
              0
            ],
            [
              -60.701607,
              -32.963851,
              0
            ],
            [
              -60.701252,
              -32.97127,
              0
            ],
            [
              -60.690856,
              -32.971006,
              0
            ]
          ]
        ]
      },
      "properties": {
        "description": {
          "@type": "html",
          "value": "descripción: <br>id: 162<br>Sector: 42<br>Sub Zona: 2B<br>Zona: 2"
        },
        "styleUrl": "#poly-0F9D58-1200-76",
        "fill-opacity": 0.2980392156862745,
        "fill": "#0f9d58",
        "stroke-opacity": 1,
        "stroke": "#0f9d58",
        "stroke-width": 1.2,
        "descripción": "",
        "id": "162",
        "Sector": "42",
        "Sub Zona": "2B",
        "Zona": "2",
        "name": "Sector 42 (2B)",
        "fillColor": "#0f9d58",
        "color": "#0f9d58",
        "fillOpacity": 0.2980392156862745
      }
    },
    {
      "type": "Feature",
      "geometry": {
        "type": "Polygon",
        "coordinates": [
          [
            [
              -60.701252,
              -32.97127,
              0
            ],
            [
              -60.701607,
              -32.963851,
              0
            ],
            [
              -60.711896,
              -32.964087,
              0
            ],
            [
              -60.71185,
              -32.965579,
              0
            ],
            [
              -60.7117,
              -32.968198,
              0
            ],
            [
              -60.716867,
              -32.970739,
              0
            ],
            [
              -60.716171,
              -32.97165,
              0
            ],
            [
              -60.701252,
              -32.97127,
              0
            ]
          ]
        ]
      },
      "properties": {
        "description": {
          "@type": "html",
          "value": "descripción: <br>id: 163<br>Sector: 43<br>Sub Zona: 2B<br>Zona: 2"
        },
        "styleUrl": "#poly-0F9D58-1200-76",
        "fill-opacity": 0.2980392156862745,
        "fill": "#0f9d58",
        "stroke-opacity": 1,
        "stroke": "#0f9d58",
        "stroke-width": 1.2,
        "descripción": "",
        "id": "163",
        "Sector": "43",
        "Sub Zona": "2B",
        "Zona": "2",
        "name": "Sector 43 (2B)",
        "fillColor": "#0f9d58",
        "color": "#0f9d58",
        "fillOpacity": 0.2980392156862745
      }
    },
    {
      "type": "Feature",
      "geometry": {
        "type": "Polygon",
        "coordinates": [
          [
            [
              -60.719448,
              -32.96584,
              0
            ],
            [
              -60.718861,
              -32.967059,
              0
            ],
            [
              -60.718503,
              -32.96775,
              0
            ],
            [
              -60.717131,
              -32.970395,
              0
            ],
            [
              -60.717021,
              -32.970538,
              0
            ],
            [
              -60.716867,
              -32.970739,
              0
            ],
            [
              -60.7117,
              -32.968198,
              0
            ],
            [
              -60.71185,
              -32.965579,
              0
            ],
            [
              -60.719448,
              -32.96584,
              0
            ]
          ]
        ]
      },
      "properties": {
        "description": {
          "@type": "html",
          "value": "descripción: <br>id: 164<br>Sector: 44<br>Sub Zona: 2B<br>Zona: 2"
        },
        "styleUrl": "#poly-0F9D58-1200-76",
        "fill-opacity": 0.2980392156862745,
        "fill": "#0f9d58",
        "stroke-opacity": 1,
        "stroke": "#0f9d58",
        "stroke-width": 1.2,
        "descripción": "",
        "id": "164",
        "Sector": "44",
        "Sub Zona": "2B",
        "Zona": "2",
        "name": "Sector 44 (2B)",
        "fillColor": "#0f9d58",
        "color": "#0f9d58",
        "fillOpacity": 0.2980392156862745
      }
    },
    {
      "type": "Feature",
      "geometry": {
        "type": "Polygon",
        "coordinates": [
          [
            [
              -60.733405,
              -32.968247,
              0
            ],
            [
              -60.734466,
              -32.973988,
              0
            ],
            [
              -60.736204,
              -32.979724,
              0
            ],
            [
              -60.736173,
              -32.980037,
              0
            ],
            [
              -60.717021,
              -32.970538,
              0
            ],
            [
              -60.717131,
              -32.970395,
              0
            ],
            [
              -60.718503,
              -32.96775,
              0
            ],
            [
              -60.733405,
              -32.968247,
              0
            ]
          ]
        ]
      },
      "properties": {
        "description": {
          "@type": "html",
          "value": "descripción: <br>id: 165<br>Sector: 45<br>Sub Zona: 2C<br>Zona: 2"
        },
        "styleUrl": "#poly-0F9D58-1200-76",
        "fill-opacity": 0.2980392156862745,
        "fill": "#0f9d58",
        "stroke-opacity": 1,
        "stroke": "#0f9d58",
        "stroke-width": 1.2,
        "descripción": "",
        "id": "165",
        "Sector": "45",
        "Sub Zona": "2C",
        "Zona": "2",
        "name": "Sector 45 (2C)",
        "fillColor": "#0f9d58",
        "color": "#0f9d58",
        "fillOpacity": 0.2980392156862745
      }
    },
    {
      "type": "Feature",
      "geometry": {
        "type": "Polygon",
        "coordinates": [
          [
            [
              -60.736956,
              -32.964509,
              0
            ],
            [
              -60.736288,
              -32.959551,
              0
            ],
            [
              -60.735653,
              -32.949108,
              0
            ],
            [
              -60.736313,
              -32.949157,
              0
            ],
            [
              -60.738101,
              -32.949291,
              0
            ],
            [
              -60.740474,
              -32.949312,
              0
            ],
            [
              -60.741652,
              -32.949163,
              0
            ],
            [
              -60.743153,
              -32.94899,
              0
            ],
            [
              -60.74628,
              -32.948459,
              0
            ],
            [
              -60.746356,
              -32.948446,
              0
            ],
            [
              -60.749117,
              -32.948,
              0
            ],
            [
              -60.750598,
              -32.948115,
              0
            ],
            [
              -60.751479,
              -32.948183,
              0
            ],
            [
              -60.752208,
              -32.948239,
              0
            ],
            [
              -60.751373,
              -32.964959,
              0
            ],
            [
              -60.742628,
              -32.964687,
              0
            ],
            [
              -60.736956,
              -32.964509,
              0
            ]
          ]
        ]
      },
      "properties": {
        "description": {
          "@type": "html",
          "value": "descripción: <br>id: 166<br>Sector: 46<br>Sub Zona: 2C<br>Zona: 2"
        },
        "styleUrl": "#poly-0F9D58-1200-76",
        "fill-opacity": 0.2980392156862745,
        "fill": "#0f9d58",
        "stroke-opacity": 1,
        "stroke": "#0f9d58",
        "stroke-width": 1.2,
        "descripción": "",
        "id": "166",
        "Sector": "46",
        "Sub Zona": "2C",
        "Zona": "2",
        "name": "Sector 46 (2C)",
        "fillColor": "#0f9d58",
        "color": "#0f9d58",
        "fillOpacity": 0.2980392156862745
      }
    },
    {
      "type": "Feature",
      "geometry": {
        "type": "Polygon",
        "coordinates": [
          [
            [
              -60.716171,
              -32.97165,
              0
            ],
            [
              -60.71136,
              -32.979887,
              0
            ],
            [
              -60.709189,
              -32.983107,
              0
            ],
            [
              -60.689079,
              -32.982605,
              0
            ],
            [
              -60.689077,
              -32.982294,
              0
            ],
            [
              -60.689047,
              -32.97846,
              0
            ],
            [
              -60.688996,
              -32.97641,
              0
            ],
            [
              -60.689038,
              -32.976126,
              0
            ],
            [
              -60.689094,
              -32.975745,
              0
            ],
            [
              -60.68916,
              -32.975369,
              0
            ],
            [
              -60.689461,
              -32.974376,
              0
            ],
            [
              -60.690849,
              -32.971024,
              0
            ],
            [
              -60.690856,
              -32.971006,
              0
            ],
            [
              -60.701252,
              -32.97127,
              0
            ],
            [
              -60.716171,
              -32.97165,
              0
            ]
          ]
        ]
      },
      "properties": {
        "description": {
          "@type": "html",
          "value": "descripción: <br>id: 168<br>Sector: 48<br>Sub Zona: 2D<br>Zona: 2"
        },
        "styleUrl": "#poly-0F9D58-1200-76",
        "fill-opacity": 0.2980392156862745,
        "fill": "#0f9d58",
        "stroke-opacity": 1,
        "stroke": "#0f9d58",
        "stroke-width": 1.2,
        "descripción": "",
        "id": "168",
        "Sector": "48",
        "Sub Zona": "2D",
        "Zona": "2",
        "name": "Sector 48 (2D)",
        "fillColor": "#0f9d58",
        "color": "#0f9d58",
        "fillOpacity": 0.2980392156862745
      }
    },
    {
      "type": "Feature",
      "geometry": {
        "type": "Polygon",
        "coordinates": [
          [
            [
              -60.717021,
              -32.970538,
              0
            ],
            [
              -60.736173,
              -32.980037,
              0
            ],
            [
              -60.735953,
              -32.982266,
              0
            ],
            [
              -60.727349,
              -32.983556,
              0
            ],
            [
              -60.709189,
              -32.983107,
              0
            ],
            [
              -60.71136,
              -32.979887,
              0
            ],
            [
              -60.716171,
              -32.97165,
              0
            ],
            [
              -60.716867,
              -32.970739,
              0
            ],
            [
              -60.717021,
              -32.970538,
              0
            ]
          ]
        ]
      },
      "properties": {
        "description": {
          "@type": "html",
          "value": "descripción: <br>id: 170<br>Sector: 50<br>Sub Zona: 2C<br>Zona: 2"
        },
        "styleUrl": "#poly-0F9D58-1200-76",
        "fill-opacity": 0.2980392156862745,
        "fill": "#0f9d58",
        "stroke-opacity": 1,
        "stroke": "#0f9d58",
        "stroke-width": 1.2,
        "descripción": "",
        "id": "170",
        "Sector": "50",
        "Sub Zona": "2C",
        "Zona": "2",
        "name": "Sector 50 (2C)",
        "fillColor": "#0f9d58",
        "color": "#0f9d58",
        "fillOpacity": 0.2980392156862745
      }
    },
    {
      "type": "Feature",
      "geometry": {
        "type": "Polygon",
        "coordinates": [
          [
            [
              -60.689079,
              -32.982605,
              0
            ],
            [
              -60.709189,
              -32.983107,
              0
            ],
            [
              -60.70612,
              -32.98766,
              0
            ],
            [
              -60.702612,
              -32.991269,
              0
            ],
            [
              -60.701324,
              -32.992303,
              0
            ],
            [
              -60.699362,
              -32.993878,
              0
            ],
            [
              -60.697146,
              -32.995633,
              0
            ],
            [
              -60.690966,
              -32.999448,
              0
            ],
            [
              -60.689418,
              -33.000781,
              0
            ],
            [
              -60.68941,
              -33.000503,
              0
            ],
            [
              -60.689216,
              -33.000077,
              0
            ],
            [
              -60.689144,
              -32.992155,
              0
            ],
            [
              -60.689095,
              -32.986574,
              0
            ],
            [
              -60.689079,
              -32.982605,
              0
            ]
          ]
        ]
      },
      "properties": {
        "description": {
          "@type": "html",
          "value": "descripción: <br>id: 169<br>Sector: 49<br>Sub Zona: 2D<br>Zona: 2"
        },
        "styleUrl": "#poly-0F9D58-1200-76",
        "fill-opacity": 0.2980392156862745,
        "fill": "#0f9d58",
        "stroke-opacity": 1,
        "stroke": "#0f9d58",
        "stroke-width": 1.2,
        "descripción": "",
        "id": "169",
        "Sector": "49",
        "Sub Zona": "2D",
        "Zona": "2",
        "name": "Sector 49 (2D)",
        "fillColor": "#0f9d58",
        "color": "#0f9d58",
        "fillOpacity": 0.2980392156862745
      }
    },
    {
      "type": "Feature",
      "geometry": {
        "type": "Polygon",
        "coordinates": [
          [
            [
              -60.702612,
              -32.991269,
              0
            ],
            [
              -60.70612,
              -32.98766,
              0
            ],
            [
              -60.709189,
              -32.983107,
              0
            ],
            [
              -60.727349,
              -32.983556,
              0
            ],
            [
              -60.735953,
              -32.982266,
              0
            ],
            [
              -60.735802,
              -32.98379,
              0
            ],
            [
              -60.732207,
              -32.993164,
              0
            ],
            [
              -60.701324,
              -32.992303,
              0
            ],
            [
              -60.702612,
              -32.991269,
              0
            ]
          ]
        ]
      },
      "properties": {
        "description": {
          "@type": "html",
          "value": "descripción: <br>id: 171<br>Sector: 51<br>Sub Zona: 2C<br>Zona: 2"
        },
        "styleUrl": "#poly-0F9D58-1200-76",
        "fill-opacity": 0.2980392156862745,
        "fill": "#0f9d58",
        "stroke-opacity": 1,
        "stroke": "#0f9d58",
        "stroke-width": 1.2,
        "descripción": "",
        "id": "171",
        "Sector": "51",
        "Sub Zona": "2C",
        "Zona": "2",
        "name": "Sector 51 (2C)",
        "fillColor": "#0f9d58",
        "color": "#0f9d58",
        "fillOpacity": 0.2980392156862745
      }
    },
    {
      "type": "Feature",
      "geometry": {
        "type": "Polygon",
        "coordinates": [
          [
            [
              -60.68968,
              -33.010095,
              0
            ],
            [
              -60.689426,
              -33.00105,
              0
            ],
            [
              -60.689418,
              -33.000781,
              0
            ],
            [
              -60.690966,
              -32.999448,
              0
            ],
            [
              -60.697146,
              -32.995633,
              0
            ],
            [
              -60.699362,
              -32.993878,
              0
            ],
            [
              -60.701324,
              -32.992303,
              0
            ],
            [
              -60.732207,
              -32.993164,
              0
            ],
            [
              -60.729887,
              -32.999515,
              0
            ],
            [
              -60.726738,
              -33.007661,
              0
            ],
            [
              -60.72092,
              -33.007529,
              0
            ],
            [
              -60.719317,
              -33.011055,
              0
            ],
            [
              -60.689681,
              -33.010162,
              0
            ],
            [
              -60.68968,
              -33.010095,
              0
            ]
          ]
        ]
      },
      "properties": {
        "description": {
          "@type": "html",
          "value": "descripción: <br>id: 172<br>Sector: 52<br>Sub Zona: 2C<br>Zona: 2"
        },
        "styleUrl": "#poly-0F9D58-1200-76",
        "fill-opacity": 0.2980392156862745,
        "fill": "#0f9d58",
        "stroke-opacity": 1,
        "stroke": "#0f9d58",
        "stroke-width": 1.2,
        "descripción": "",
        "id": "172",
        "Sector": "52",
        "Sub Zona": "2C",
        "Zona": "2",
        "name": "Sector 52 (2C)",
        "fillColor": "#0f9d58",
        "color": "#0f9d58",
        "fillOpacity": 0.2980392156862745
      }
    },
    {
      "type": "Feature",
      "geometry": {
        "type": "Polygon",
        "coordinates": [
          [
            [
              -60.689681,
              -33.010162,
              0
            ],
            [
              -60.719317,
              -33.011055,
              0
            ],
            [
              -60.717174,
              -33.015648,
              0
            ],
            [
              -60.717029,
              -33.015685,
              0
            ],
            [
              -60.715617,
              -33.018727,
              0
            ],
            [
              -60.712813,
              -33.021979,
              0
            ],
            [
              -60.71027,
              -33.024824,
              0
            ],
            [
              -60.709097,
              -33.024795,
              0
            ],
            [
              -60.707419,
              -33.026591,
              0
            ],
            [
              -60.707232,
              -33.02675,
              0
            ],
            [
              -60.704268,
              -33.031053,
              0
            ],
            [
              -60.701856,
              -33.034713,
              0
            ],
            [
              -60.698741,
              -33.038968,
              0
            ],
            [
              -60.69815,
              -33.038914,
              0
            ],
            [
              -60.697637,
              -33.038967,
              0
            ],
            [
              -60.696907,
              -33.03869,
              0
            ],
            [
              -60.696055,
              -33.038103,
              0
            ],
            [
              -60.69554,
              -33.037955,
              0
            ],
            [
              -60.694571,
              -33.037772,
              0
            ],
            [
              -60.694164,
              -33.037955,
              0
            ],
            [
              -60.692512,
              -33.038036,
              0
            ],
            [
              -60.692042,
              -33.037845,
              0
            ],
            [
              -60.69174,
              -33.037587,
              0
            ],
            [
              -60.690986,
              -33.036408,
              0
            ],
            [
              -60.690904,
              -33.035696,
              0
            ],
            [
              -60.690515,
              -33.035222,
              0
            ],
            [
              -60.690163,
              -33.034844,
              0
            ],
            [
              -60.690039,
              -33.034841,
              0
            ],
            [
              -60.689812,
              -33.021278,
              0
            ],
            [
              -60.689738,
              -33.014799,
              0
            ],
            [
              -60.689681,
              -33.010162,
              0
            ]
          ]
        ]
      },
      "properties": {
        "description": {
          "@type": "html",
          "value": "descripción: <br>id: 173<br>Sector: 53<br>Sub Zona: 2C<br>Zona: 2"
        },
        "styleUrl": "#poly-0F9D58-1200-76",
        "fill-opacity": 0.2980392156862745,
        "fill": "#0f9d58",
        "stroke-opacity": 1,
        "stroke": "#0f9d58",
        "stroke-width": 1.2,
        "descripción": "",
        "id": "173",
        "Sector": "53",
        "Sub Zona": "2C",
        "Zona": "2",
        "name": "Sector 53 (2C)",
        "fillColor": "#0f9d58",
        "color": "#0f9d58",
        "fillOpacity": 0.2980392156862745
      }
    },
    {
      "type": "Feature",
      "geometry": {
        "type": "Polygon",
        "coordinates": [
          [
            [
              -60.677741,
              -32.932562,
              0
            ],
            [
              -60.693116,
              -32.930946,
              0
            ],
            [
              -60.692945,
              -32.936341,
              0
            ],
            [
              -60.69294,
              -32.936477,
              0
            ],
            [
              -60.692932,
              -32.936692,
              0
            ],
            [
              -60.692924,
              -32.936881,
              0
            ],
            [
              -60.69292,
              -32.93699,
              0
            ],
            [
              -60.69289,
              -32.937889,
              0
            ],
            [
              -60.679643,
              -32.940293,
              0
            ],
            [
              -60.677741,
              -32.932562,
              0
            ]
          ]
        ]
      },
      "properties": {
        "description": {
          "@type": "html",
          "value": "descripción: <br>id: 174<br>Sector: 22<br>Sub Zona: 2E<br>Zona: 2"
        },
        "styleUrl": "#poly-0F9D58-1200-76",
        "fill-opacity": 0.2980392156862745,
        "fill": "#0f9d58",
        "stroke-opacity": 1,
        "stroke": "#0f9d58",
        "stroke-width": 1.2,
        "descripción": "",
        "id": "174",
        "Sector": "22",
        "Sub Zona": "2E",
        "Zona": "2",
        "name": "Sector 22 (2E)",
        "fillColor": "#0f9d58",
        "color": "#0f9d58",
        "fillOpacity": 0.2980392156862745
      }
    },
    {
      "type": "Feature",
      "geometry": {
        "type": "Polygon",
        "coordinates": [
          [
            [
              -60.663108,
              -32.931237,
              0
            ],
            [
              -60.67169,
              -32.933197,
              0
            ],
            [
              -60.677741,
              -32.932562,
              0
            ],
            [
              -60.679643,
              -32.940293,
              0
            ],
            [
              -60.680035,
              -32.941751,
              0
            ],
            [
              -60.666368,
              -32.944195,
              0
            ],
            [
              -60.666008,
              -32.942765,
              0
            ],
            [
              -60.663895,
              -32.934368,
              0
            ],
            [
              -60.663108,
              -32.931237,
              0
            ]
          ]
        ]
      },
      "properties": {
        "description": {
          "@type": "html",
          "value": "descripción: <br>id: 175<br>Sector: 21<br>Sub Zona: 2E<br>Zona: 2"
        },
        "styleUrl": "#poly-0F9D58-1200-76",
        "fill-opacity": 0.2980392156862745,
        "fill": "#0f9d58",
        "stroke-opacity": 1,
        "stroke": "#0f9d58",
        "stroke-width": 1.2,
        "descripción": "",
        "id": "175",
        "Sector": "21",
        "Sub Zona": "2E",
        "Zona": "2",
        "name": "Sector 21 (2E)",
        "fillColor": "#0f9d58",
        "color": "#0f9d58",
        "fillOpacity": 0.2980392156862745
      }
    },
    {
      "type": "Feature",
      "geometry": {
        "type": "Polygon",
        "coordinates": [
          [
            [
              -60.755253,
              -32.87319,
              0
            ],
            [
              -60.782036,
              -32.874289,
              0
            ],
            [
              -60.781249,
              -32.885678,
              0
            ],
            [
              -60.771142,
              -32.885289,
              0
            ],
            [
              -60.761961,
              -32.884988,
              0
            ],
            [
              -60.754235,
              -32.88469,
              0
            ],
            [
              -60.755253,
              -32.87319,
              0
            ]
          ]
        ]
      },
      "properties": {
        "description": {
          "@type": "html",
          "value": "descripción: <br>id: 76<br>Sector: 25<br>Sub Zona: 1D<br>Zona: 1"
        },
        "styleUrl": "#poly-0288D1-1200-76",
        "fill-opacity": 0.2980392156862745,
        "fill": "#0288d1",
        "stroke-opacity": 1,
        "stroke": "#0288d1",
        "stroke-width": 1.2,
        "descripción": "",
        "id": "76",
        "Sector": "25",
        "Sub Zona": "1D",
        "Zona": "1",
        "name": "Sector 25 (1D)",
        "fillColor": "#0288d1",
        "color": "#0288d1",
        "fillOpacity": 0.2980392156862745
      }
    },
    {
      "type": "Feature",
      "geometry": {
        "type": "Polygon",
        "coordinates": [
          [
            [
              -60.752208,
              -32.948239,
              0
            ],
            [
              -60.757545,
              -32.948651,
              0
            ],
            [
              -60.760047,
              -32.950282,
              0
            ],
            [
              -60.760504,
              -32.950947,
              0
            ],
            [
              -60.761507,
              -32.953398,
              0
            ],
            [
              -60.760846,
              -32.965254,
              0
            ],
            [
              -60.751373,
              -32.964959,
              0
            ],
            [
              -60.752208,
              -32.948239,
              0
            ]
          ]
        ]
      },
      "properties": {
        "description": {
          "@type": "html",
          "value": "descripción: <br>id: 167<br>Sector: 47<br>Sub Zona: 2C<br>Zona: 2"
        },
        "styleUrl": "#poly-0F9D58-1200-76",
        "fill-opacity": 0.2980392156862745,
        "fill": "#0f9d58",
        "stroke-opacity": 1,
        "stroke": "#0f9d58",
        "stroke-width": 1.2,
        "descripción": "",
        "id": "167",
        "Sector": "47",
        "Sub Zona": "2C",
        "Zona": "2",
        "name": "Sector 47 (2C)",
        "fillColor": "#0f9d58",
        "color": "#0f9d58",
        "fillOpacity": 0.2980392156862745
      }
    }
  ]
}